collision-id,report-number,report-version,is-preliminary,ncic-code,crash-date-time,crash-time-description,beat,city-id,city-code,city-name,county-code,city-is-active,city-is-incorporated,collision-type-code,collision-type-description,collision-type-other-desc,day-of-week,dispatch-notified,has-photographs,hit-run,is-attachments-mailed,is-deleted,is-highway-related,is-tow-away,judicial-district,motor-vehicle-involved-with-code,motor-vehicle-involved-with-desc,motor-vehicle-involved-with-other-desc,number-injured,number-killed,lighting-code,lighting-description,latitude,longitude,milepost-direction,milepost-distance,milepost-marker,milepost-unit-of-measure,pedestrian-action-code,pedestrian-action-desc,prepared-date,primary-collision-factor-code,primary-collision-factor-description,primary-collision-factor-is-cited,primary-collision-party-number,primary-road,reporting-district,reporting-district-code,reviewed-date,roadway-surface-code,secondary-direction,secondary-distance,secondary-road,secondary-unit-of-measure,sketch-desc,traffic-control-device-code,created-date,modified-date,is-county-road,is-freeway,chp-555-version,is-additonal-object-struck,notification-date,notification-time-description,has-digital-media-files,evidence-number,is-location-refer-to-narrative,is-aoi-one-same-as-location
4550257,9370-2025-00233,1,False,9370,1/17/2025 11:30:00 PM,2330,98,14,109,Oakland,1,True,True,E,HIT OBJECT,,Friday,NotApplicable,False,,,False,True,True,ALAMEDA SUPERIOR COURT WILEY W. MANUEL COURTHOUSE,I,FIXED OBJECT,CONCRETE BARRIER WALL,0,0,D,DARK-NO STREET LIGHTS,37.811662,-122.274413,,,,,A,NO PEDESTRIANS INVOLVED,1/17/2025 11:30:00 PM,A,VC 22107,False,1,I-980 W/B,,,1/27/2025 9:00:44 AM,A,E,100.0,18TH ST,F,,D,1/27/2025 9:00:45 AM,1/27/2025 9:00:45 AM,False,True,4,,1/17/2025 11:35:00 PM,2335,False,,,True
4549720,9335-2025-00147,1,False,9335,1/17/2025 5:33:00 PM,1733,082,14,109,Oakland,1,True,True,B,SIDE SWIPE,,Friday,NotApplicable,False,,,False,True,True,ALAMEDA SUPERIOR COURT WILEY W. MANUEL COURTHOUSE,C,OTHER MOTOR VEHICLE,,0,0,C,DARK-STREET LIGHTS,37.823889,-122.313911,,,,,A,NO PEDESTRIANS INVOLVED,1/17/2025 5:33:00 PM,A,VC 22350,False,1,I-80 E/B,,,1/26/2025 11:34:39 AM,A,W,60.0,SFOBB TOLL PLAZA,F,,D,1/26/2025 11:34:41 AM,1/26/2025 11:34:41 AM,False,True,4,,1/17/2025 5:35:00 PM,1735,False,,,True
4548345,9370-2025-00194,1,False,9370,1/20/2025 1:15:00 AM,115,176,14,109,Oakland,1,True,True,E,HIT OBJECT,,Monday,NotApplicable,False,,,False,True,False,ALAMEDA SUPERIOR COURT WILEY W. MANUEL COURTHOUSE,J,OTHER OBJECT,DIRT MOUND,0,0,D,DARK-NO STREET LIGHTS,37.74199,-122.196779,,,,,A,NO PEDESTRIANS INVOLVED,1/20/2025 1:15:00 AM,A,VC 22350,False,1,I-880 N/B FROM HEGENBERGER ROAD,,,1/24/2025 5:32:17 AM,A,N,70.0,HEGENBERGER ROAD,F,,D,1/24/2025 5:32:20 AM,1/24/2025 5:32:20 AM,False,True,4,,1/20/2025 1:17:00 AM,117,False,,,True
4548343,9370-2025-00163,1,False,9370,1/16/2025 8:00:00 PM,2000,024,14,109,Oakland,1,True,True,C,REAR END,,Thursday,NotApplicable,False,,,False,True,False,ALAMEDA SUPERIOR COURT WILEY W. MANUEL COURTHOUSE,C,OTHER MOTOR VEHICLE,,0,0,A,DAYLIGHT,37.854626,-122.217741,,,,,A,NO PEDESTRIANS INVOLVED,1/16/2025 8:00:00 PM,A,VC 22350,False,1,SR-24 E/B TO CALDECOTT TUNNEL BORE #2,,,1/24/2025 5:28:41 AM,A,W,200.0,CALDECOTT TUNNEL BORE #2,F,,D,1/24/2025 5:28:45 AM,1/24/2025 5:28:45 AM,False,True,4,,1/16/2025 8:05:00 PM,2005,False,,,True
4548336,9370-2025-00141,1,False,9370,1/15/2025 7:44:00 AM,744,055,14,109,Oakland,1,True,True,B,SIDE SWIPE,,Wednesday,NotApplicable,False,M,,False,True,False,ALAMEDA SUPERIOR COURT WILEY W. MANUEL COURTHOUSE,C,OTHER MOTOR VEHICLE,,1,0,A,DAYLIGHT,37.824363,-122.268164,,,,,A,NO PEDESTRIANS INVOLVED,1/15/2025 7:44:00 AM,A,VC 21658(A),False,1,I-580 W/B,,,1/24/2025 5:13:19 AM,A,E,418.0,WEST STREET,F,,D,1/24/2025 5:13:21 AM,1/24/2025 5:13:21 AM,False,True,4,,1/15/2025 8:20:00 AM,820,False,,,True
4548319,9370-2025-00246,1,False,9370,1/13/2025 4:55:00 PM,1655,024,14,109,Oakland,1,True,True,B,SIDE SWIPE,,Monday,NotApplicable,False,M,,False,True,False,ALAMEDA SUPERIOR COURT WILEY W. MANUEL COURTHOUSE,C,OTHER MOTOR VEHICLE,,0,0,A,DAYLIGHT,37.851251,-122.222722,,,,,A,NO PEDESTRIANS INVOLVED,1/13/2025 4:55:00 PM,A,VC 21658(A),False,1,SR-24 E/B,,,1/24/2025 4:18:07 AM,A,E,700.0,TUNNEL ROAD,F,,D,1/24/2025 4:18:26 AM,1/24/2025 4:18:26 AM,False,True,4,,1/13/2025 5:00:00 PM,1700,False,,,True
4548074,9370-2025-00207,1,False,9370,1/20/2025 6:45:00 PM,1845,177,14,109,Oakland,1,True,True,C,REAR END,,Monday,NotApplicable,False,M,,False,True,False,ALAMEDA SUPERIOR COURT WILEY W. MANUEL COURTHOUSE,C,OTHER MOTOR VEHICLE,,0,0,D,DARK-NO STREET LIGHTS,37.798856,-122.275597,,,,,A,NO PEDESTRIANS INVOLVED,1/20/2025 6:45:00 PM,A,VC 21658(A),False,1,I-880 N/B,,,1/23/2025 5:24:59 PM,A,S,150.0,WASHINGTON ST,F,,D,1/23/2025 5:25:02 PM,1/23/2025 5:25:02 PM,False,True,4,,1/20/2025 6:50:00 PM,1850,False,,,True
4548037,9370-2025-00217,1,False,9370,1/21/2025 9:43:00 AM,943,002,14,109,Oakland,1,True,True,B,SIDE SWIPE,,Tuesday,NotApplicable,False,,,False,True,False,ALAMEDA SUPERIOR COURT WILEY W. MANUEL COURTHOUSE,C,OTHER MOTOR VEHICLE,,0,0,A,DAYLIGHT,37.825122,-122.312443,,,,,A,NO PEDESTRIANS INVOLVED,1/21/2025 9:43:00 AM,A,VC 21658(A),False,2,I-80 W/B,,,1/23/2025 4:27:45 PM,A,W,800.0,WEST GRAND AVENUE,F,,D,1/23/2025 4:27:49 PM,1/23/2025 4:27:49 PM,False,True,4,,1/21/2025 9:44:00 AM,944,True,EMBEDDED,,True
4548023,9370-2025-00126,1,False,9370,1/14/2025 9:50:00 AM,950,053,14,109,Oakland,1,True,True,C,REAR END,,Tuesday,Yes,False,,,False,True,False,ALAMEDA SUPERIOR COURT WILEY W. MANUEL COURTHOUSE,C,OTHER MOTOR VEHICLE,,0,0,A,DAYLIGHT,37.803857,-122.233137,,,,,A,NO PEDESTRIANS INVOLVED,1/14/2025 9:50:00 AM,A,VC 22350,False,2,I-580 EB,,,1/23/2025 3:57:04 PM,A,E,200.0,PARK BLVD,F,,D,1/23/2025 3:57:06 PM,1/23/2025 3:57:06 PM,False,True,4,,1/14/2025 9:55:00 AM,955,False,,,True
4547802,9370-2025-00210,1,False,9370,1/20/2025 4:40:00 PM,1640,025,14,109,Oakland,1,True,True,C,REAR END,,Monday,NotApplicable,False,,,False,True,False,ALAMEDA SUPERIOR COURT WILEY W. MANUEL COURTHOUSE,C,OTHER MOTOR VEHICLE,,0,0,A,DAYLIGHT,37.8347,-122.266296,,,,,A,NO PEDESTRIANS INVOLVED,1/20/2025 4:40:00 PM,A,VC 22350,False,1,SR-24 W/B,,,1/23/2025 1:22:33 PM,A,E,450.0,45TH ST,F,,D,1/23/2025 1:22:36 PM,1/23/2025 1:22:36 PM,False,True,4,,1/20/2025 4:41:00 PM,1641,False,,,True
4547783,9370-2025-00209,1,False,9370,1/20/2025 1:45:00 PM,1345,025,14,109,Oakland,1,True,True,C,REAR END,,Monday,NotApplicable,False,,,False,True,False,ALAMEDA SUPERIOR COURT WILEY W. MANUEL COURTHOUSE,C,OTHER MOTOR VEHICLE,,0,0,A,DAYLIGHT,37.833482,-122.26656,,,,,A,NO PEDESTRIANS INVOLVED,1/20/2025 1:45:00 PM,A,VC 22350,False,1,SR-24 W/B,,,1/23/2025 1:12:30 PM,A,E,750.0,42ND ST,F,,D,1/23/2025 1:12:31 PM,1/23/2025 1:12:31 PM,False,True,4,,1/20/2025 1:46:00 PM,1346,False,,,True
4547782,9370-2025-00235,1,False,9370,1/21/2025 5:55:00 PM,1755,008,14,109,Oakland,1,True,True,C,REAR END,,Tuesday,NotApplicable,False,,,False,True,False,ALAMEDA SUPERIOR COURT WILEY W. MANUEL COURTHOUSE,C,OTHER MOTOR VEHICLE,,0,0,C,DARK-STREET LIGHTS,37.824412,-122.310401,,,,,A,NO PEDESTRIANS INVOLVED,1/21/2025 5:55:00 PM,A,VC 21658(A),False,1,I-80 E/B,,,1/23/2025 1:11:41 PM,A,E,220.0,WEST GRAND AVENUE,F,,D,1/23/2025 1:11:42 PM,1/23/2025 1:11:42 PM,False,True,4,,1/21/2025 5:56:00 PM,1756,False,,,True
4547771,9370-2025-00220,1,False,9370,1/21/2025 9:28:00 AM,928,002,14,109,Oakland,1,True,True,B,SIDE SWIPE,,Tuesday,NotApplicable,False,,,False,True,False,ALAMEDA SUPERIOR COURT WILEY W. MANUEL COURTHOUSE,C,OTHER MOTOR VEHICLE,,0,0,A,DAYLIGHT,37.825139,-122.313125,,,,,A,NO PEDESTRIANS INVOLVED,1/21/2025 9:28:00 AM,A,VC 21658(A),False,1,I-80 W/B,,,1/23/2025 1:08:30 PM,A,W,1000.0,WEST GRAND AVENUE,F,,D,1/23/2025 1:08:34 PM,1/23/2025 1:08:34 PM,False,True,4,,1/21/2025 9:29:00 AM,929,True,EMBEDDED,,True
4547519,9335-2025-00069,1,False,9335,1/10/2025 2:55:00 AM,255,084,14,109,Oakland,1,True,True,E,HIT OBJECT,,Friday,Yes,False,,,False,True,True,ALAMEDA SUPERIOR COURT WILEY W. MANUEL COURTHOUSE,I,FIXED OBJECT,CENTER DIVIDE,1,0,C,DARK-STREET LIGHTS,37.819716,-122.344767,,,,,A,NO PEDESTRIANS INVOLVED,1/10/2025 2:55:00 AM,A,VC 23152(a),False,1,I-80 E/B,,,1/23/2025 10:53:30 AM,A,E,4175.0,SAN FRANCISCO/ OAKLAND BAY BRIDGE SAS TOWER,F,,D,1/23/2025 10:53:32 AM,1/23/2025 10:53:32 AM,False,True,4,,1/10/2025 2:58:00 AM,258,False,,,True
4547160,9370-2025-00215,1,False,9370,1/21/2025 7:00:00 AM,700,002,14,109,Oakland,1,True,True,B,SIDE SWIPE,,Tuesday,NotApplicable,False,,,False,True,False,ALAMEDA SUPERIOR COURT WILEY W. MANUEL COURTHOUSE,C,OTHER MOTOR VEHICLE,,0,0,A,DAYLIGHT,37.825968,-122.30212,,,,,A,NO PEDESTRIANS INVOLVED,1/21/2025 7:00:00 AM,A,VC 21658(A),False,1,I-80 W/B,,,1/23/2025 8:08:16 AM,A,E,1000.0,WEST GRAND AVENUE,F,,D,1/23/2025 8:08:17 AM,1/23/2025 8:08:17 AM,False,True,4,,1/21/2025 7:01:00 AM,701,True,EMBEDDED,,True
4547051,9370-2025-00199,1,False,9370,1/20/2025 9:42:00 AM,942,176,14,109,Oakland,1,True,True,B,SIDE SWIPE,,Monday,Yes,False,,,False,True,True,ALAMEDA SUPERIOR COURT WILEY W. MANUEL COURTHOUSE,C,OTHER MOTOR VEHICLE,,2,0,A,DAYLIGHT,37.729106,-122.186479,,,,,A,NO PEDESTRIANS INVOLVED,1/20/2025 9:42:00 AM,A,VC 21658(A),False,1,I-880 S/B,,,1/23/2025 7:03:26 AM,A,S,1000.0,98TH AVENUE,F,,D,1/23/2025 7:03:28 AM,1/23/2025 7:03:28 AM,False,True,4,True,1/20/2025 9:45:00 AM,945,True,EMBEDDED,,True
4546578,9370-2025-00180,1,False,9370,1/18/2025 10:45:00 AM,1045,054,14,109,Oakland,1,True,True,B,SIDE SWIPE,,Saturday,NotApplicable,False,,,False,True,False,ALAMEDA SUPERIOR COURT WILEY W. MANUEL COURTHOUSE,C,OTHER MOTOR VEHICLE,,0,0,A,DAYLIGHT,37.821658,-122.25875,,,,,A,NO PEDESTRIANS INVOLVED,1/18/2025 10:45:00 AM,A,VC 22107,False,1,I-580 E/B,,,1/22/2025 5:09:54 PM,A,W,1389.0,HARRISON ST,F,,D,1/22/2025 5:09:56 PM,1/22/2025 5:09:56 PM,False,True,4,,1/18/2025 10:56:00 AM,1056,False,,,True
4546528,9370-2025-00171,1,False,9370,1/17/2025 6:15:00 PM,1815,055,14,109,Oakland,1,True,True,C,REAR END,,Friday,NotApplicable,False,,,False,True,False,ALAMEDA SUPERIOR COURT WILEY W. MANUEL COURTHOUSE,C,OTHER MOTOR VEHICLE,,1,0,C,DARK-STREET LIGHTS,37.82727,-122.280129,,,,,A,NO PEDESTRIANS INVOLVED,1/17/2025 6:15:00 PM,A,VC 22350,False,1,I-580 W/B,,,1/22/2025 3:50:48 PM,A,W,78.0,ADELINE ST,F,,D,1/22/2025 3:50:51 PM,1/22/2025 3:50:51 PM,False,True,4,,1/17/2025 6:29:00 PM,1829,False,,,True
4546515,9370-2025-00170,1,False,9370,1/17/2025 5:20:00 PM,1720,054,14,109,Oakland,1,True,True,C,REAR END,,Friday,NotApplicable,False,M,,False,True,False,ALAMEDA SUPERIOR COURT WILEY W. MANUEL COURTHOUSE,C,OTHER MOTOR VEHICLE,,0,0,B,DUSK-DAWN,37.809957,-122.24735,,,,,A,NO PEDESTRIANS INVOLVED,1/17/2025 5:20:00 PM,A,VC 22350,False,1,I-580 E/B,,,1/22/2025 3:32:01 PM,A,W,151.0,LAKESHORE AVE,F,,D,1/22/2025 3:32:03 PM,1/22/2025 3:32:03 PM,False,True,4,,1/17/2025 5:34:00 PM,1734,False,,,True
4546487,9370-2025-00161,1,False,9370,1/16/2025 4:00:00 PM,1600,177,14,109,Oakland,1,True,True,B,SIDE SWIPE,,Thursday,NotApplicable,False,,,False,True,True,ALAMEDA SUPERIOR COURT WILEY W. MANUEL COURTHOUSE,J,OTHER OBJECT,CONCRETE WALL,0,0,A,DAYLIGHT,37.790209,-122.258303,,,,,A,NO PEDESTRIANS INVOLVED,1/16/2025 4:00:00 PM,A,VC 22107,False,1,I-880 N/B,,,1/22/2025 3:09:11 PM,A,N,200.0,5TH AVE,F,,D,1/22/2025 3:09:13 PM,1/22/2025 3:09:13 PM,False,True,4,,1/16/2025 4:30:00 PM,1630,False,,,True
4546472,9370-2025-00067,1,False,9370,1/8/2025 9:15:00 AM,915,024,14,109,Oakland,1,True,True,C,REAR END,,Wednesday,NotApplicable,False,,,False,True,False,ALAMEDA SUPERIOR COURT WILEY W. MANUEL COURTHOUSE,C,OTHER MOTOR VEHICLE,,0,0,A,DAYLIGHT,37.849584,-122.236828,,,,,A,NO PEDESTRIANS INVOLVED,1/8/2025 9:15:00 AM,A,VC 22350,False,2,SR 24 WB,,,1/22/2025 2:57:16 PM,A,E,200.0,BROADWAY,F,,D,1/22/2025 2:57:18 PM,1/22/2025 2:57:18 PM,False,True,4,,1/8/2025 9:30:00 AM,930,False,,,True
4546325,9370-2025-00155,1,False,9370,1/16/2025 6:50:00 AM,650,008,14,109,Oakland,1,True,True,C,REAR END,,Thursday,NotApplicable,False,,,False,True,True,ALAMEDA SUPERIOR COURT WILEY W. MANUEL COURTHOUSE,C,OTHER MOTOR VEHICLE,,0,0,A,DAYLIGHT,37.836264,-122.295945,,,,,A,NO PEDESTRIANS INVOLVED,1/16/2025 6:50:00 AM,A,VC 22350,False,1,I-80 WESTBOUND,,,1/22/2025 1:39:00 PM,A,W,640.0,POWELL ST,F,,D,1/22/2025 1:39:02 PM,1/22/2025 1:39:02 PM,False,True,4,,1/16/2025 6:54:00 AM,654,False,,,True
4546174,9370-2025-00121,1,False,9370,1/13/2025 3:15:00 PM,1515,176,14,109,Oakland,1,True,True,C,REAR END,,Monday,NotApplicable,False,,,False,True,False,ALAMEDA SUPERIOR COURT WILEY W. MANUEL COURTHOUSE,C,OTHER MOTOR VEHICLE,,0,0,A,DAYLIGHT,37.732214,-122.187148,,,,,A,NO PEDESTRIANS INVOLVED,1/13/2025 3:15:00 PM,A,VC 22350,False,1,I-880 N/B TO 98TH AVENUE,,,1/22/2025 12:10:59 PM,A,S,50.0,98TH AVENUE,F,,D,1/22/2025 12:11:00 PM,1/22/2025 12:11:00 PM,False,True,4,,1/13/2025 3:21:00 PM,1521,False,,,True
4546153,9370-2025-00127,1,False,9370,1/14/2025 10:06:00 AM,1006,177,14,109,Oakland,1,True,True,C,REAR END,,Tuesday,NotApplicable,False,M,,False,True,False,ALAMEDA SUPERIOR COURT WILEY W. MANUEL COURTHOUSE,C,OTHER MOTOR VEHICLE,,0,0,A,DAYLIGHT,37.788638,-122.251489,,,,,A,NO PEDESTRIANS INVOLVED,1/14/2025 10:06:00 AM,A,VC 22350,False,1,I-880 N/B,,,1/22/2025 12:01:23 PM,A,S,2500.0,5TH AVENUE,F,,D,1/22/2025 12:01:25 PM,1/22/2025 12:01:25 PM,False,True,4,,1/14/2025 10:20:00 AM,1020,True,AREA / EMBEDDED,,True
4545345,9370-2025-00082,1,False,9370,1/9/2025 10:20:00 AM,1020,177,14,109,Oakland,1,True,True,B,SIDE SWIPE,,Thursday,Yes,False,,,False,True,True,ALAMEDA SUPERIOR COURT WILEY W. MANUEL COURTHOUSE,C,OTHER MOTOR VEHICLE,,1,0,A,DAYLIGHT,37.7882,-122.249946,,,,,A,NO PEDESTRIANS INVOLVED,1/9/2025 10:20:00 AM,A,VC 22350,False,1,I-880 N/B (NIMITZ FREEWAY),,,1/22/2025 6:00:52 AM,A,S,2500.0,5TH AVENUE,F,,D,1/22/2025 6:00:54 AM,1/22/2025 6:00:54 AM,False,True,4,,1/9/2025 10:25:00 AM,1025,False,,,True
4545011,9370-2025-00140,1,False,9370,1/15/2025 7:00:00 AM,700,002,14,109,Oakland,1,True,True,B,SIDE SWIPE,,Wednesday,NotApplicable,False,,,False,True,False,ALAMEDA SUPERIOR COURT WILEY W. MANUEL COURTHOUSE,C,OTHER MOTOR VEHICLE,,1,0,A,DAYLIGHT,37.825259,-122.31287,,,,,A,NO PEDESTRIANS INVOLVED,1/15/2025 7:00:00 AM,A,VC 21658(A),False,1,I-80 W/B,,,1/21/2025 5:03:30 PM,A,W,1000.0,WEST GRAND AVENUE,F,,D,1/21/2025 5:03:31 PM,1/21/2025 5:03:31 PM,False,True,4,,1/15/2025 7:05:00 AM,705,True,EMBEDDED,,True
4544942,9370-2025-00108,1,False,9370,1/12/2025 12:00:00 AM,2500,008,14,109,Oakland,1,True,True,E,HIT OBJECT,,Sunday,NotApplicable,False,M,,False,True,False,ALAMEDA SUPERIOR COURT WILEY W. MANUEL COURTHOUSE,I,FIXED OBJECT,TOLL #15 ATTENUATOR,0,0,B,DUSK-DAWN,37.825038,-122.313748,,,,,A,NO PEDESTRIANS INVOLVED,1/12/2025 12:00:00 AM,A,VC 22107,False,,I-80 WESTBOUND,,,1/21/2025 3:51:22 PM,A,E,18.0,SFB TOLL PLAZA,F,,A,1/21/2025 3:51:24 PM,1/21/2025 3:51:24 PM,False,True,4,,1/12/2025 12:00:00 PM,1200,False,,,True
4544906,9370-2025-00073,1,False,9370,1/8/2025 4:50:00 PM,1650,052,14,109,Oakland,1,True,True,B,SIDE SWIPE,,Wednesday,NotApplicable,False,M,,False,True,False,ALAMEDA SUPERIOR COURT WILEY W. MANUEL COURTHOUSE,C,OTHER MOTOR VEHICLE,,0,0,A,DAYLIGHT,37.778194,-122.168299,,,,,A,NO PEDESTRIANS INVOLVED,1/8/2025 4:50:00 PM,A,VC 21658(a),False,1,I-580 E/B,,,1/21/2025 3:26:45 PM,A,W,1345.0,EDWARDS AVE,F,,D,1/21/2025 3:26:46 PM,1/21/2025 3:26:46 PM,False,True,4,,1/8/2025 4:52:00 PM,1652,False,,,True
4544422,9370-2025-00100,1,False,9370,1/11/2025 3:15:00 PM,1515,176,14,109,Oakland,1,True,True,B,SIDE SWIPE,,Saturday,NotApplicable,False,M,,False,True,False,ALAMEDA SUPERIOR COURT WILEY W. MANUEL COURTHOUSE,C,OTHER MOTOR VEHICLE,,0,0,A,DAYLIGHT,37.765565,-122.218137,,,,,A,NO PEDESTRIANS INVOLVED,1/11/2025 3:15:00 PM,A,VC 21658(A),False,1,I-880 N/B,,,1/21/2025 11:58:41 AM,A,S,500.0,HIGH ST,F,,D,1/21/2025 11:58:43 AM,1/21/2025 11:58:43 AM,False,True,4,,1/11/2025 3:20:00 PM,1520,False,,,True
4544381,9370-2025-00112,1,False,9370,1/11/2025 10:10:00 AM,1010,052,14,109,Oakland,1,True,True,C,REAR END,,Saturday,NotApplicable,False,M,,False,True,False,ALAMEDA SUPERIOR COURT WILEY W. MANUEL COURTHOUSE,C,OTHER MOTOR VEHICLE,,0,0,A,DAYLIGHT,37.74931,-122.150986,,,,,A,NO PEDESTRIANS INVOLVED,1/11/2025 10:10:00 AM,A,VC 22350,False,1,I-580 WESTBOUND,,,1/21/2025 11:37:29 AM,A,W,1680.0,106TH AVENUE,F,,D,1/21/2025 11:37:33 AM,1/21/2025 11:37:33 AM,False,True,4,,1/11/2025 10:15:00 AM,1015,True,EMBEDDED,,True
4544313,9370-2025-00095,1,False,9370,1/10/2025 6:50:00 AM,650,177,14,109,Oakland,1,True,True,A,HEAD-ON,,Friday,NotApplicable,False,,,False,True,True,ALAMEDA SUPERIOR COURT WILEY W. MANUEL COURTHOUSE,I,FIXED OBJECT,CONCRETE BARRIER,0,0,A,DAYLIGHT,37.793202,-122.263187,,,,,A,NO PEDESTRIANS INVOLVED,1/10/2025 6:50:00 AM,A,VC 22107,False,1,I-880 S/B,,,1/21/2025 11:10:26 AM,A,S,1200.0,OAK ST,F,,A,1/21/2025 11:10:28 AM,1/21/2025 11:10:28 AM,False,True,4,,1/10/2025 6:55:00 AM,655,False,,,True
4544084,9370-2025-00109,1,False,9370,1/10/2025 10:50:00 AM,1050,055,14,109,Oakland,1,True,True,C,REAR END,,Friday,NotApplicable,False,,,False,True,False,ALAMEDA SUPERIOR COURT WILEY W. MANUEL COURTHOUSE,C,OTHER MOTOR VEHICLE,,0,0,A,DAYLIGHT,37.826486,-122.276917,,,,,A,NO PEDESTRIANS INVOLVED,1/10/2025 10:50:00 AM,A,VC 22350,False,1,I-580 W/B,,,1/21/2025 9:48:40 AM,A,W,500.0,MARKET STREET,F,,D,1/21/2025 9:48:42 AM,1/21/2025 9:48:42 AM,False,True,4,,1/10/2025 10:55:00 AM,1055,False,,,True
4544048,9370-2025-00102,1,False,9370,1/10/2025 3:55:00 AM,355,176,14,109,Oakland,1,True,True,E,HIT OBJECT,,Friday,NotApplicable,False,M,,False,True,True,ALAMEDA SUPERIOR COURT WILEY W. MANUEL COURTHOUSE,I,FIXED OBJECT,RAISED CURB,0,0,C,DARK-STREET LIGHTS,37.775492,-122.23315,,,,,A,NO PEDESTRIANS INVOLVED,1/10/2025 3:55:00 AM,A,VC 22350,False,1,29TH AVE,,,1/21/2025 9:39:36 AM,A,,,I-880 N/B TO 29TH AVENUE,,,A,1/21/2025 9:39:38 AM,1/21/2025 9:39:38 AM,False,True,4,,1/10/2025 3:58:00 AM,358,False,,,True
4544024,9370-2025-00090,1,False,9370,1/9/2025 6:40:00 PM,1840,054,14,109,Oakland,1,True,True,E,HIT OBJECT,,Thursday,Yes,False,,,False,True,True,ALAMEDA SUPERIOR COURT WILEY W. MANUEL COURTHOUSE,I,FIXED OBJECT,CONCRETE BARRIER WALL,1,0,C,DARK-STREET LIGHTS,37.807851,-122.240423,,,,,A,NO PEDESTRIANS INVOLVED,1/9/2025 6:40:00 PM,A,VC 22107,False,1,I-580 W/B,,,1/21/2025 9:32:23 AM,A,E,1800.0,LAKESHORE AVENUE,F,,D,1/21/2025 9:32:28 AM,1/21/2025 9:32:28 AM,False,True,4,,1/9/2025 6:45:00 PM,1845,False,,,True
4543631,9370-2025-00075,1,False,9370,1/8/2025 8:15:00 PM,2015,052,14,109,Oakland,1,True,True,B,SIDE SWIPE,,Wednesday,NotApplicable,False,M,,False,True,False,ALAMEDA SUPERIOR COURT WILEY W. MANUEL COURTHOUSE,C,OTHER MOTOR VEHICLE,,0,0,C,DARK-STREET LIGHTS,37.75016,-122.151272,,,,,A,NO PEDESTRIANS INVOLVED,1/8/2025 8:15:00 PM,A,VC 21658(a),False,1,I-580 W/B,,,1/21/2025 6:58:07 AM,A,E,1188.0,GOLF LINKS RD,F,,D,1/21/2025 6:58:10 AM,1/21/2025 6:58:10 AM,False,True,4,,1/8/2025 8:24:00 PM,2024,False,,,True
4543595,9370-2025-00014,1,False,9370,1/2/2025 5:05:00 AM,505,176,14,109,Oakland,1,True,True,E,HIT OBJECT,,Thursday,Yes,False,,,False,True,True,ALAMEDA SUPERIOR COURT WILEY W. MANUEL COURTHOUSE,J,OTHER OBJECT,TIRE,1,0,B,DUSK-DAWN,37.741651,-122.197141,,,,,A,NO PEDESTRIANS INVOLVED,1/2/2025 5:05:00 AM,C,,,,I-880 N/B,,,1/21/2025 6:29:32 AM,A,N,250.0,HENGENBERGER ROAD,F,,D,1/21/2025 6:29:33 AM,1/21/2025 6:29:33 AM,False,True,4,,1/2/2025 5:10:00 AM,510,False,,,True
4543593,9370-2025-00074,1,False,9370,1/8/2025 7:50:00 PM,1950,054,14,109,Oakland,1,True,True,B,SIDE SWIPE,,Wednesday,NotApplicable,False,M,,False,True,False,ALAMEDA SUPERIOR COURT WILEY W. MANUEL COURTHOUSE,C,OTHER MOTOR VEHICLE,,0,0,C,DARK-STREET LIGHTS,37.808177,-122.241014,,,,,A,NO PEDESTRIANS INVOLVED,1/8/2025 7:50:00 PM,A,VC 21658(a),False,1,I-580 W/B,,,1/21/2025 6:28:53 AM,A,E,1612.0,LAKESHORE AVE,F,,D,1/21/2025 6:28:54 AM,1/21/2025 6:28:54 AM,False,True,4,,1/8/2025 7:55:00 PM,1955,False,,,True
4542980,9335-2025-00092,1,False,9335,1/13/2025 7:30:00 AM,730,082,14,109,Oakland,1,True,True,C,REAR END,,Monday,NotApplicable,False,M,,False,True,False,ALAMEDA SUPERIOR COURT WILEY W. MANUEL COURTHOUSE,C,OTHER MOTOR VEHICLE,,0,0,A,DAYLIGHT,37.823518,-122.318954,,,,,A,NO PEDESTRIANS INVOLVED,1/13/2025 7:30:00 AM,A,VC 22350,False,1,I-80 W/B,,,1/19/2025 1:34:50 PM,A,W,490.0,SFOBB METERING LIGHTS,F,,D,1/19/2025 1:34:53 PM,1/19/2025 1:34:53 PM,False,True,4,,1/13/2025 7:45:00 AM,745,True,EMBEDDED,,True
4540782,9370-2025-00101,2,False,9370,1/11/2025 4:47:00 PM,1647,053,14,109,Oakland,1,True,True,C,REAR END,,Saturday,NotApplicable,False,,,False,True,False,ALAMEDA SUPERIOR COURT WILEY W. MANUEL COURTHOUSE,E,PARKED MOTOR VEHICLE,,0,0,A,DAYLIGHT,37.799165,-122.219733,,,,,A,NO PEDESTRIANS INVOLVED,1/11/2025 4:47:00 PM,A,VC 22350,False,1,I-580 W/B,,,1/27/2025 11:17:25 AM,A,E,300.0,THE SHEFFIELD AVENUE OVERCROSSING,F,,D,1/16/2025 6:57:13 PM,1/27/2025 11:17:27 AM,False,True,4,,1/11/2025 4:50:00 PM,1650,True,AREA PHOTO FILE,,True
4540717,9335-2025-00085,1,False,9335,1/10/2025 6:00:00 PM,1800,084,14,109,Oakland,1,True,True,C,REAR END,,Friday,NotApplicable,False,,,False,True,False,ALAMEDA SUPERIOR COURT ALAMEDA,C,OTHER MOTOR VEHICLE,,0,0,C,DARK-STREET LIGHTS,37.822747,-122.319809,,,,,A,NO PEDESTRIANS INVOLVED,1/10/2025 6:00:00 PM,A,VC 22350,False,1,I-80 EASTBOUND,,,1/16/2025 4:36:48 PM,A,W,0.14,SFOBB METERING LIGHTS PROLONGATION,M,,D,1/16/2025 4:36:51 PM,1/16/2025 4:36:51 PM,False,True,4,False,1/10/2025 6:10:00 PM,1810,False,,,True
4540696,9370-2025-00149,1,False,9370,1/15/2025 7:00:00 PM,1900,013,14,109,Oakland,1,True,True,E,HIT OBJECT,,Wednesday,NotApplicable,False,,,False,True,False,ALAMEDA SUPERIOR COURT WILEY W. MANUEL COURTHOUSE,J,OTHER OBJECT,METAL PIPE,0,0,C,DARK-STREET LIGHTS,37.839715,-122.223361,,,,,A,NO PEDESTRIANS INVOLVED,1/15/2025 7:00:00 PM,A,VC 22350,False,1,SR-13 S/B,,,1/16/2025 4:08:56 PM,A,S,757.0,BROADWAY TER,F,,D,1/16/2025 4:08:58 PM,1/16/2025 4:08:58 PM,False,True,4,,1/15/2025 7:05:00 PM,1905,False,,,True
4540693,9370-2025-00144,1,False,9370,1/15/2025 11:20:00 AM,1120,055,14,109,Oakland,1,True,True,B,SIDE SWIPE,,Wednesday,NotApplicable,False,,,False,True,True,ALAMEDA SUPERIOR COURT WILEY W. MANUEL COURTHOUSE,C,OTHER MOTOR VEHICLE,,0,0,A,DAYLIGHT,37.8271,-122.284289,,,,,A,NO PEDESTRIANS INVOLVED,1/15/2025 11:20:00 AM,A,VC 21750(a),False,1,I-580 E/B,,,1/16/2025 4:06:38 PM,A,W,807.0,HOLLIS STREET,F,,D,1/16/2025 4:06:42 PM,1/16/2025 4:06:42 PM,False,True,4,,1/15/2025 11:25:00 AM,1125,True,EMBEDDED,,True
4540427,9370-2025-00136,1,False,9370,1/15/2025 7:55:00 AM,755,013,14,109,Oakland,1,True,True,C,REAR END,,Wednesday,NotApplicable,False,,,False,True,True,ALAMEDA SUPERIOR COURT WILEY W. MANUEL COURTHOUSE,C,OTHER MOTOR VEHICLE,,0,0,A,DAYLIGHT,37.783919,-122.178472,,,,,A,NO PEDESTRIANS INVOLVED,1/15/2025 7:55:00 AM,A,VC 22350,False,1,SR-13 S/B TO I-580 E/B,,,1/16/2025 1:28:46 PM,A,S,183.0,CALAVERAS AVENUE,F,,D,1/16/2025 1:28:50 PM,1/16/2025 1:28:50 PM,False,True,4,,1/15/2025 8:00:00 AM,800,True,EMBEDDED,,True
4540330,9370-2025-00086,1,False,9370,1/9/2025 5:50:00 PM,1750,053,14,109,Oakland,1,True,True,C,REAR END,,Thursday,Yes,False,,,False,True,True,ALAMEDA SUPERIOR COURT WILEY W. MANUEL COURTHOUSE,C,OTHER MOTOR VEHICLE,,1,0,C,DARK-STREET LIGHTS,37.795232,-122.20729,,,,,A,NO PEDESTRIANS INVOLVED,1/9/2025 5:50:00 PM,A,VC 22350,False,1,I-580 W/B,,,1/16/2025 12:49:22 PM,A,E,1058.0,COOLIDGE AVENUE,F,,D,1/16/2025 12:49:25 PM,1/16/2025 12:49:25 PM,False,True,4,True,1/9/2025 6:00:00 PM,1800,False,,,True
4540267,9370-2025-00072,1,False,9370,1/7/2025 4:25:00 PM,1625,013,14,109,Oakland,1,True,True,C,REAR END,,Tuesday,Yes,False,,,False,True,False,ALAMEDA SUPERIOR COURT WILEY W. MANUEL COURTHOUSE,C,OTHER MOTOR VEHICLE,,1,0,C,DARK-STREET LIGHTS,37.78201,-122.175946,,,,,A,NO PEDESTRIANS INVOLVED,1/7/2025 4:25:00 PM,A,VC 22350,False,1,SR-13 S/B TO I-580 E/B,,,1/16/2025 12:25:45 PM,A,W,710.0,SEMINARY AVENUE,F,,D,1/16/2025 12:25:48 PM,1/16/2025 12:25:48 PM,False,True,4,,1/7/2025 4:27:00 PM,1627,False,,,True
4539127,9370-2025-00047,1,False,9370,1/6/2025 12:35:00 AM,35,177,14,109,Oakland,1,True,True,E,HIT OBJECT,,Monday,Yes,False,,,False,True,False,ALAMEDA SUPERIOR COURT WILEY W. MANUEL COURTHOUSE,I,FIXED OBJECT,CONCRETE CENTER MEDIAN,1,0,D,DARK-NO STREET LIGHTS,37.792336,-122.262496,,,,,A,NO PEDESTRIANS INVOLVED,1/6/2025 12:35:00 AM,A,VC 23152(a),True,1,I-880 S/B,,,1/15/2025 4:03:46 PM,A,S,1500.0,OAK STREET,F,,D,1/15/2025 4:03:49 PM,1/15/2025 4:03:49 PM,False,True,4,,1/6/2025 12:37:00 AM,0037,False,,,True
4539122,9370-2025-00057,1,False,9370,1/7/2025 10:15:00 AM,1015,176,14,109,Oakland,1,True,True,B,SIDE SWIPE,,Tuesday,NotApplicable,False,M,,False,True,False,ALAMEDA SUPERIOR COURT WILEY W. MANUEL COURTHOUSE,C,OTHER MOTOR VEHICLE,,1,0,A,DAYLIGHT,37.762558,-122.215528,,,,,A,NO PEDESTRIANS INVOLVED,1/7/2025 10:15:00 AM,A,VC 22107,False,1,I-880 N/B,,,1/15/2025 3:57:43 PM,A,S,2443.0,HIGH STREET,F,,D,1/15/2025 3:57:46 PM,1/15/2025 3:57:46 PM,False,True,4,,1/7/2025 10:20:00 AM,1020,False,,,True
4539110,9370-2025-00130,1,False,9370,1/14/2025 1:00:00 PM,1300,052,14,109,Oakland,1,True,True,B,SIDE SWIPE,,Tuesday,NotApplicable,False,M,,False,True,True,ALAMEDA SUPERIOR COURT WILEY W. MANUEL COURTHOUSE,C,OTHER MOTOR VEHICLE,,0,0,A,DAYLIGHT,37.740897,-122.144507,,,,,A,NO PEDESTRIANS INVOLVED,1/14/2025 1:00:00 PM,A,VC 21658(A),False,1,I-580 E/B,,,1/15/2025 3:43:24 PM,A,W,2500.0,DUTTON AVENUE,F,,D,1/15/2025 3:43:26 PM,1/15/2025 3:43:26 PM,False,True,4,,1/14/2025 1:05:00 PM,1305,False,,,True
4539107,9370-2025-00128,1,False,9370,1/14/2025 10:05:00 AM,1005,177,14,109,Oakland,1,True,True,C,REAR END,,Tuesday,NotApplicable,False,,,False,True,True,ALAMEDA SUPERIOR COURT WILEY W. MANUEL COURTHOUSE,C,OTHER MOTOR VEHICLE,,0,0,A,DAYLIGHT,37.78862,-122.251436,,,,,A,NO PEDESTRIANS INVOLVED,1/14/2025 10:05:00 AM,A,VC 22350,False,1,I-880 N/B,,,1/15/2025 3:40:08 PM,A,S,1500.0,5TH AVENUE,F,,D,1/15/2025 3:40:14 PM,1/15/2025 3:40:14 PM,False,True,4,,1/14/2025 10:20:00 AM,1020,True,AREA / EMBEDDED,,True
4539079,9345-2025-00107,1,False,9345,1/10/2025 11:37:00 PM,2337,901,14,109,Oakland,1,True,True,E,HIT OBJECT,,Friday,NotApplicable,False,M,,False,True,False,ALAMEDA SUPERIOR COURT WILEY W. MANUEL COURTHOUSE,I,FIXED OBJECT,ELECTRICAL UTILITY BOX,0,0,C,DARK-STREET LIGHTS,37.741253,-122.195039,,,,,A,NO PEDESTRIANS INVOLVED,1/10/2025 11:37:00 PM,A,VC 22515(a),False,1,EDES AVE.,,,1/15/2025 3:18:35 PM,A,,,I-880 N/B TO HEGENBERGER RD.,,,A,1/15/2025 3:18:39 PM,1/15/2025 3:18:39 PM,False,False,4,,1/10/2025 11:37:00 PM,2337,True,AREA / EMBEDDED,,True
4539060,9370-2025-00085,1,False,9370,1/8/2025 9:47:00 AM,947,177,14,109,Oakland,1,True,True,C,REAR END,,Wednesday,NotApplicable,False,M,,False,True,False,ALAMEDA SUPERIOR COURT WILEY W. MANUEL COURTHOUSE,C,OTHER MOTOR VEHICLE,,0,0,A,DAYLIGHT,37.799578,-122.277302,,,,,A,NO PEDESTRIANS INVOLVED,1/8/2025 9:47:00 AM,A,VC 22350,False,1,I-880 N/B,,,1/15/2025 3:00:06 PM,A,S,315.0,JEFFERSON STREET,F,,D,1/15/2025 3:00:09 PM,1/15/2025 3:00:09 PM,False,True,4,,1/8/2025 9:49:00 AM,0949,False,,,True
4539043,9370-2025-00063,1,False,9370,1/7/2025 4:55:00 PM,1655,055,14,109,Oakland,1,True,True,C,REAR END,,Tuesday,NotApplicable,False,,,False,True,False,ALAMEDA SUPERIOR COURT WILEY W. MANUEL COURTHOUSE,C,OTHER MOTOR VEHICLE,,0,0,A,DAYLIGHT,37.812956,-122.250724,,,,,A,NO PEDESTRIANS INVOLVED,1/7/2025 4:55:00 PM,A,VC 22350,False,1,I-580 E/B,,,1/15/2025 2:44:08 PM,A,W,1053.0,GRAND AVE,F,,D,1/15/2025 2:44:10 PM,1/15/2025 2:44:10 PM,False,True,4,,1/7/2025 5:00:00 PM,1700,False,,,True
4539036,9370-2025-00122,1,False,9370,1/13/2025 4:30:00 PM,1630,013,14,109,Oakland,1,True,True,B,SIDE SWIPE,,Monday,NotApplicable,False,M,,False,True,False,ALAMEDA SUPERIOR COURT ALAMEDA,C,OTHER MOTOR VEHICLE,,0,0,A,DAYLIGHT,37.813534,-122.200928,,,,,A,NO PEDESTRIANS INVOLVED,1/13/2025 4:30:00 PM,A,VC 21658(A),False,1,SR-13 S/B,,,1/15/2025 2:37:56 PM,A,N,1385.0,LINCOLN AVE,F,,D,1/15/2025 2:38:00 PM,1/15/2025 2:38:00 PM,False,True,4,,1/13/2025 5:07:00 PM,1707,False,,,True
4539031,9370-2025-00083,1,False,9370,1/9/2025 12:20:00 PM,1220,055,14,109,Oakland,1,True,True,B,SIDE SWIPE,,Thursday,NotApplicable,False,M,,False,True,False,ALAMEDA SUPERIOR COURT WILEY W. MANUEL COURTHOUSE,C,OTHER MOTOR VEHICLE,,0,0,A,DAYLIGHT,37.826828,-122.286778,,,,,A,NO PEDESTRIANS INVOLVED,1/9/2025 12:20:00 PM,A,VC 21658(A),False,1,I-580 W/B,,,1/15/2025 2:36:46 PM,A,W,725.0,HOLLIS ST,F,,D,1/15/2025 2:36:48 PM,1/15/2025 2:36:48 PM,False,True,4,,1/9/2025 12:27:00 PM,1227,False,,,True
4539006,9370-2025-00084,1,False,9370,1/8/2025 8:30:00 AM,830,177,14,109,Oakland,1,True,True,B,SIDE SWIPE,,Wednesday,NotApplicable,False,M,,False,True,False,ALAMEDA SUPERIOR COURT WILEY W. MANUEL COURTHOUSE,C,OTHER MOTOR VEHICLE,,0,0,A,DAYLIGHT,37.793607,-122.263762,,,,,A,NO PEDESTRIANS INVOLVED,1/8/2025 8:30:00 AM,A,VC 21658(A),False,1,I-880 N/B,,,1/15/2025 2:17:23 PM,A,S,975.0,OAK ST,F,,D,1/15/2025 2:17:27 PM,1/15/2025 2:17:27 PM,False,True,4,,1/8/2025 8:32:00 AM,0832,False,,,True
4538811,9370-2025-00099,1,False,9370,1/11/2025 8:30:00 AM,830,176,14,109,Oakland,1,True,True,B,SIDE SWIPE,,Saturday,NotApplicable,False,M,,False,True,False,ALAMEDA SUPERIOR COURT WILEY W. MANUEL COURTHOUSE,C,OTHER MOTOR VEHICLE,,0,0,A,DAYLIGHT,37.775494,-122.234663,,,,,A,NO PEDESTRIANS INVOLVED,1/11/2025 8:30:00 AM,A,VC 22107,False,1,I-880 S/B,,,1/15/2025 12:24:51 PM,A,N,350.0,29TH AVE,F,,D,1/15/2025 12:24:53 PM,1/15/2025 12:24:53 PM,False,True,4,,1/11/2025 8:45:00 AM,0845,False,,,True
4538051,9370-2025-00018,1,False,9370,1/3/2025 2:30:00 AM,230,013,14,109,Oakland,1,True,True,B,SIDE SWIPE,,Friday,NotApplicable,False,F,,False,True,False,ALAMEDA SUPERIOR COURT WILEY W. MANUEL COURTHOUSE,C,OTHER MOTOR VEHICLE,,0,0,C,DARK-STREET LIGHTS,37.822228,-122.207573,,,,,A,NO PEDESTRIANS INVOLVED,1/3/2025 2:30:00 AM,B,UNSAFE MERGE,,1,STATE ROUTE 13 NORTHBOUND,,,1/15/2025 6:16:36 AM,A,N,200.0,PARK BLVD,F,,D,1/15/2025 6:16:39 AM,1/15/2025 6:16:39 AM,False,True,4,,1/3/2025 2:30:00 AM,0230,False,,,True
4537745,9370-2025-00070,1,False,9370,1/7/2025 5:55:00 PM,1755,055,14,109,Oakland,1,True,True,B,SIDE SWIPE,,Tuesday,Yes,False,,,False,True,False,ALAMEDA SUPERIOR COURT WILEY W. MANUEL COURTHOUSE,C,OTHER MOTOR VEHICLE,,1,0,C,DARK-STREET LIGHTS,37.830189,-122.293346,,,,,A,NO PEDESTRIANS INVOLVED,1/7/2025 5:55:00 PM,A,VC 21658(A),False,1,I-580 W/B TO I-80 E/B,,,1/14/2025 4:13:18 PM,A,E,2978.0,POWELL ST,F,,D,1/14/2025 4:13:21 PM,1/14/2025 4:13:21 PM,False,True,4,,1/7/2025 6:02:00 PM,1802,False,,,False
4537494,9370-2025-00118,1,False,9370,1/13/2025 9:13:00 AM,913,025,14,109,Oakland,1,True,True,C,REAR END,,Monday,NotApplicable,False,,,False,True,False,ALAMEDA SUPERIOR COURT WILEY W. MANUEL COURTHOUSE,C,OTHER MOTOR VEHICLE,,0,0,A,DAYLIGHT,37.834505,-122.266333,,,,,A,NO PEDESTRIANS INVOLVED,1/13/2025 9:13:00 AM,A,VC 22350,True,1,SR-24 W/B,,,1/14/2025 1:18:59 PM,A,E,200.0,I-580 W/B,F,,D,1/14/2025 1:19:01 PM,1/14/2025 1:19:01 PM,False,True,4,,1/13/2025 9:20:00 AM,0920,False,,,True
4537479,9370-2025-00091,1,False,9370,1/9/2025 4:00:00 PM,1600,024,14,109,Oakland,1,True,True,B,SIDE SWIPE,,Thursday,NotApplicable,False,M,,False,True,False,ALAMEDA SUPERIOR COURT WILEY W. MANUEL COURTHOUSE,C,OTHER MOTOR VEHICLE,,0,0,A,DAYLIGHT,37.849022,-122.225288,,,,,A,NO PEDESTRIANS INVOLVED,1/9/2025 4:00:00 PM,A,VC 21658(A),False,1,SR-24 WB,,,1/14/2025 1:07:30 PM,A,E,740.0,SR-13 N/B,F,,D,1/14/2025 1:07:33 PM,1/14/2025 1:07:33 PM,False,True,4,False,1/9/2025 4:15:00 PM,1615,False,,,True
4537412,9370-2025-00092,1,False,9370,1/9/2025 5:00:00 PM,1700,013,14,109,Oakland,1,True,True,B,SIDE SWIPE,,Thursday,NotApplicable,False,,,False,True,False,ALAMEDA SUPERIOR COURT WILEY W. MANUEL COURTHOUSE,C,OTHER MOTOR VEHICLE,,0,0,C,DARK-STREET LIGHTS,37.84578,-122.22759,,,,,A,NO PEDESTRIANS INVOLVED,1/9/2025 5:00:00 PM,A,VC 21658(A),True,1,SR-13 S/B,,,1/14/2025 12:36:15 PM,A,N,1900.0,BROADWAY TERRACE,F,,D,1/14/2025 12:36:16 PM,1/14/2025 12:36:16 PM,False,True,4,,1/9/2025 5:15:00 PM,1715,False,,,True
4537379,9370-2025-00027,1,False,9370,1/4/2025 2:30:00 AM,230,055,14,109,Oakland,1,True,True,C,REAR END,,Saturday,NotApplicable,False,M,,False,True,False,ALAMEDA SUPERIOR COURT WILEY W. MANUEL COURTHOUSE,C,OTHER MOTOR VEHICLE,,0,0,D,DARK-NO STREET LIGHTS,37.823144,-122.26394,,,,,A,NO PEDESTRIANS INVOLVED,1/4/2025 2:30:00 AM,A,VC 22350,False,1,I-580 E/B,,,1/14/2025 12:21:18 PM,A,W,1140.0,BROADWAY,F,,D,1/14/2025 12:21:20 PM,1/14/2025 12:21:20 PM,False,True,4,,1/4/2025 2:35:00 AM,0235,False,,,True
4537359,9370-2025-00097,1,False,9370,1/10/2025 6:05:00 PM,1805,054,14,109,Oakland,1,True,True,C,REAR END,,Friday,NotApplicable,False,M,,False,True,False,ALAMEDA SUPERIOR COURT WILEY W. MANUEL COURTHOUSE,C,OTHER MOTOR VEHICLE,,0,0,C,DARK-STREET LIGHTS,37.808178,-122.240928,,,,,A,NO PEDESTRIANS INVOLVED,1/10/2025 6:05:00 PM,A,VC 22350,False,1,I-580 W/B,,,1/14/2025 12:09:04 PM,A,E,1000.0,LAKESHORE AVE,F,,D,1/14/2025 12:09:07 PM,1/14/2025 12:09:07 PM,False,True,4,,1/10/2025 6:18:00 PM,1818,False,,,True
4537245,9370-2025-00056,1,False,9370,1/6/2025 7:15:00 PM,1915,178,14,109,Oakland,1,True,True,B,SIDE SWIPE,,Monday,NotApplicable,False,M,,False,True,False,ALAMEDA SUPERIOR COURT WILEY W. MANUEL COURTHOUSE,C,OTHER MOTOR VEHICLE,,0,0,C,DARK-STREET LIGHTS,37.828676,-122.293757,,,,,A,NO PEDESTRIANS INVOLVED,1/6/2025 7:15:00 PM,A,VC 22107,False,1,I-80 WB TO I-880 SB,,,1/14/2025 11:18:25 AM,A,S,3000.0,POWELL STREET,F,,D,1/14/2025 11:18:28 AM,1/14/2025 11:18:28 AM,False,True,4,,1/6/2025 7:20:00 PM,1920,False,,,True
4537171,9370-2025-00089,1,False,9370,1/9/2025 3:45:00 PM,1545,177,14,109,Oakland,1,True,True,C,REAR END,,Thursday,NotApplicable,False,,,False,True,False,ALAMEDA SUPERIOR COURT WILEY W. MANUEL COURTHOUSE,C,OTHER MOTOR VEHICLE,,0,0,A,DAYLIGHT,37.799664,-122.277344,,,,,A,NO PEDESTRIANS INVOLVED,1/9/2025 3:45:00 PM,A,VC 22350,False,1,I-980 E/B,,,1/14/2025 10:42:23 AM,A,W,298.0,JEFFERSON ST,F,,D,1/14/2025 10:42:25 AM,1/14/2025 10:42:25 AM,False,True,4,,1/9/2025 3:50:00 PM,1550,False,,,True
4536970,9370-2025-00079,1,False,9370,1/9/2025 10:54:00 AM,1054,176,14,109,Oakland,1,True,True,C,REAR END,,Thursday,NotApplicable,False,,,False,True,False,ALAMEDA SUPERIOR COURT WILEY W. MANUEL COURTHOUSE,C,OTHER MOTOR VEHICLE,,0,0,A,DAYLIGHT,37.752935,-122.207049,,,,,A,NO PEDESTRIANS INVOLVED,1/9/2025 10:54:00 AM,A,VC 22350,False,1,I-880 N/B,,,1/14/2025 9:17:09 AM,A,S,426.0,66TH AVENUE,F,,D,1/14/2025 9:17:11 AM,1/14/2025 9:17:11 AM,False,True,4,,1/9/2025 10:59:00 AM,1059,True,EMBEDDED,,True
4536950,9370-2025-00061,1,False,9370,1/7/2025 8:00:00 AM,800,178,14,109,Oakland,1,True,True,E,HIT OBJECT,,Tuesday,NotApplicable,False,M,,False,True,False,ALAMEDA SUPERIOR COURT WILEY W. MANUEL COURTHOUSE,I,FIXED OBJECT,CONCRETE WALL,0,0,A,DAYLIGHT,37.811793,-122.303281,,,,,A,NO PEDESTRIANS INVOLVED,1/7/2025 8:00:00 AM,A,VC 22350,False,1,I-880 N/B,,,1/14/2025 9:06:06 AM,A,N,1400.0,7TH STREET,F,,D,1/14/2025 9:06:07 AM,1/14/2025 9:06:07 AM,False,True,4,,1/7/2025 8:40:00 AM,0840,False,,,True
4536568,9370-2025-00043,1,False,9370,1/4/2025 10:28:00 PM,2228,177,14,109,Oakland,1,True,True,E,HIT OBJECT,,Saturday,NotApplicable,False,M,,False,True,False,ALAMEDA SUPERIOR COURT WILEY W. MANUEL COURTHOUSE,I,FIXED OBJECT,METAL GUARD RAIL,0,0,C,DARK-STREET LIGHTS,37.789972,-122.25697,,,,,A,NO PEDESTRIANS INVOLVED,1/4/2025 10:28:00 PM,A,VC 22107,False,1,INTERSTATE 880 NORTHBOUND TO 5TH AVENUE,,,1/14/2025 6:28:06 AM,A,S,428.0,5TH AVENUE,F,,D,1/14/2025 6:28:07 AM,1/14/2025 6:28:07 AM,False,True,4,,1/4/2025 10:28:00 PM,2228,False,,,True
4536549,9370-2025-00034,1,False,9370,1/4/2025 10:26:00 PM,2226,177,14,109,Oakland,1,True,True,E,HIT OBJECT,,Saturday,NotApplicable,False,M,,False,True,True,ALAMEDA SUPERIOR COURT WILEY W. MANUEL COURTHOUSE,I,FIXED OBJECT,CONCRETE BARRIER,0,0,B,DUSK-DAWN,37.789874,-122.258391,,,,,A,NO PEDESTRIANS INVOLVED,1/4/2025 10:26:00 PM,A,VC 22350,False,1,I-880 N/B TO EMBARCADERO/5TH AVENUE,,,1/14/2025 6:19:11 AM,A,S,64.0,EMBARCADERO,F,,D,1/14/2025 6:19:13 AM,1/14/2025 6:19:13 AM,False,True,4,False,1/4/2025 10:26:00 PM,2226,False,,,True
4536315,9370-2025-00064,1,False,9370,1/7/2025 11:40:00 PM,2340,013,14,109,Oakland,1,True,True,A,HEAD-ON,,Tuesday,NotApplicable,False,,,False,True,False,ALAMEDA SUPERIOR COURT WILEY W. MANUEL COURTHOUSE,I,FIXED OBJECT,TREE,0,0,D,DARK-NO STREET LIGHTS,37.790047,-122.181379,,,,,A,NO PEDESTRIANS INVOLVED,1/7/2025 11:40:00 PM,C,,,,SR 13 S/B,,,1/13/2025 7:35:53 PM,A,S,1381.0,CARSON ST,F,,D,1/13/2025 7:35:54 PM,1/13/2025 7:35:54 PM,False,True,4,,1/7/2025 11:43:00 PM,2343,True,EMBEDDED,,True
4536311,9370-2025-00058,1,False,9370,1/7/2025 8:48:00 AM,848,052,14,109,Oakland,1,True,True,C,REAR END,,Tuesday,NotApplicable,False,,,False,True,False,ALAMEDA SUPERIOR COURT WILEY W. MANUEL COURTHOUSE,C,OTHER MOTOR VEHICLE,,1,0,A,DAYLIGHT,37.774249,-122.15959,,,,,A,NO PEDESTRIANS INVOLVED,1/7/2025 8:48:00 AM,A,VC 22350,False,1,I-580 W/B,,,1/13/2025 7:28:27 PM,A,W,1209.0,KELLER AVENUE,F,,D,1/13/2025 7:28:30 PM,1/13/2025 7:28:30 PM,False,True,4,,1/7/2025 8:53:00 AM,0853,True,EMBEDDED,,True
4536294,9370-2025-00055,1,False,9370,1/6/2025 3:00:00 PM,1500,178,14,109,Oakland,1,True,True,B,SIDE SWIPE,,Monday,NotApplicable,False,M,,False,True,False,ALAMEDA SUPERIOR COURT WILEY W. MANUEL COURTHOUSE,D,MOTOR VEHICLE ON OTHER ROADWAY,,0,0,A,DAYLIGHT,37.82344,-122.291795,,,,,A,NO PEDESTRIANS INVOLVED,1/6/2025 3:00:00 PM,A,VC 21658(A),False,1,INTERSTATE 880 SB,,,1/13/2025 7:03:58 PM,A,N,1900.0,W. GRAND AVENUE,F,,D,1/13/2025 7:04:00 PM,1/13/2025 7:04:00 PM,False,True,4,,1/6/2025 3:05:00 PM,1505,False,,,True
4536279,9370-2025-00045,1,False,9370,1/5/2025 9:29:00 PM,2129,054,14,109,Oakland,1,True,True,B,SIDE SWIPE,,Sunday,Yes,False,M,,False,True,False,ALAMEDA SUPERIOR COURT WILEY W. MANUEL COURTHOUSE,C,OTHER MOTOR VEHICLE,,1,0,D,DARK-NO STREET LIGHTS,37.80817,-122.240877,,,,,A,NO PEDESTRIANS INVOLVED,1/5/2025 9:29:00 PM,A,VC 21658(A),False,1,I-580 W/B,,,1/13/2025 6:02:10 PM,A,E,1642.0,LAKESHORE AVE,F,,D,1/13/2025 6:02:12 PM,1/13/2025 6:02:12 PM,False,True,4,,1/5/2025 9:34:00 PM,2134,False,,,True
4536273,9370-2025-00042,1,False,9370,1/5/2025 4:30:00 PM,1630,176,14,109,Oakland,1,True,True,B,SIDE SWIPE,,Sunday,NotApplicable,False,M,,False,True,False,ALAMEDA SUPERIOR COURT WILEY W. MANUEL COURTHOUSE,C,OTHER MOTOR VEHICLE,,0,0,A,DAYLIGHT,37.727962,-122.185167,,,,,A,NO PEDESTRIANS INVOLVED,1/5/2025 4:30:00 PM,A,VC 21658(A),False,1,I-880 N/B,,,1/13/2025 5:46:15 PM,A,S,900.0,98TH AVENUE,F,,D,1/13/2025 5:46:16 PM,1/13/2025 5:46:16 PM,False,True,4,,1/5/2025 4:35:00 PM,1635,False,,,True
4536263,9370-2025-00041,1,False,9370,1/5/2025 3:10:00 PM,1510,054,14,109,Oakland,1,True,True,C,REAR END,,Sunday,NotApplicable,False,M,,False,True,False,ALAMEDA SUPERIOR COURT WILEY W. MANUEL COURTHOUSE,C,OTHER MOTOR VEHICLE,,0,0,A,DAYLIGHT,37.806625,-122.237956,,,,,A,NO PEDESTRIANS INVOLVED,1/5/2025 3:10:00 PM,A,VC 22350,False,1,I-580 E/B,,,1/13/2025 5:30:16 PM,A,W,1507.0,PARK BLVD,F,,D,1/13/2025 5:30:17 PM,1/13/2025 5:30:17 PM,False,True,4,,1/5/2025 3:25:00 PM,1525,False,,,True
4535945,9370-2025-00036,1,False,9370,1/4/2025 4:25:00 PM,1625,055,14,109,Oakland,1,True,True,B,SIDE SWIPE,,Saturday,NotApplicable,False,,,False,True,False,ALAMEDA SUPERIOR COURT WILEY W. MANUEL COURTHOUSE,C,OTHER MOTOR VEHICLE,,0,0,A,DAYLIGHT,37.827022,-122.280016,,,,,A,NO PEDESTRIANS INVOLVED,1/4/2025 4:25:00 PM,A,VC 21658(A),False,1,I-580 E/B,,,1/13/2025 2:05:07 PM,A,E,420.0,SAN PABLO AVE,F,,D,1/13/2025 2:05:09 PM,1/13/2025 2:05:09 PM,False,True,4,,1/4/2025 4:30:00 PM,1630,False,,,True
4535404,25-000034,1,False,3300,1/7/2025 6:10:00 PM,1810,A12,14,109,Oakland,1,True,True,H,OTHER,,Tuesday,Yes,True,,,False,False,False,WILEY W. MANUEL COURTHOUSE,C,OTHER MOTOR VEHICLE,,,,C,DARK-STREET LIGHTS,37.78381,-122.23811,,,,,A,NO PEDESTRIANS INVOLVED,,B,,False,1,2200 E 12TH ST,19X,,,A,,,22ND AVE,,,A,1/13/2025 9:40:50 AM,1/13/2025 9:40:50 AM,,,4,,,,,,,
4533612,9345-2025-00086,1,False,9345,1/9/2025 4:59:00 AM,459,904,14,109,Oakland,1,True,True,C,REAR END,,Thursday,NotApplicable,False,M,,False,True,False,EAST COUNTY HALL OF JUSTICE,C,OTHER MOTOR VEHICLE,,0,0,C,DARK-STREET LIGHTS,37.73228,-122.18725,,,,,A,NO PEDESTRIANS INVOLVED,1/9/2025 4:59:00 AM,A,VC 22107,False,1,I-880 NORTHBOUND TO 98TH AVENUE,,,1/10/2025 2:16:42 PM,A,S,34.0,98TH AVENUE,F,,A,1/10/2025 2:16:47 PM,1/10/2025 2:16:47 PM,False,True,4,,1/9/2025 5:00:00 AM,0500,True,01092025-24,,True
4532648,9370-2025-00016,1,False,9370,1/2/2025 5:07:00 AM,507,176,14,109,Oakland,1,True,True,E,HIT OBJECT,,Thursday,NotApplicable,False,,,False,True,False,ALAMEDA SUPERIOR COURT WILEY W. MANUEL COURTHOUSE,J,OTHER OBJECT,DEBRIS FROM CRASH,0,0,B,DUSK-DAWN,37.74173,-122.197229,,,,,A,NO PEDESTRIANS INVOLVED,1/2/2025 5:07:00 AM,C,,,,I-880 N/B,,,1/10/2025 6:41:04 AM,A,N,300.0,HENGENBERGER ROAD,F,,D,1/10/2025 6:41:08 AM,1/10/2025 6:41:08 AM,False,True,4,,1/2/2025 5:08:00 AM,0508,False,,,True
4532646,9370-2025-00015,1,False,9370,1/2/2025 5:06:00 AM,506,176,14,109,Oakland,1,True,True,A,HEAD-ON,,Thursday,NotApplicable,False,,,False,True,False,ALAMEDA SUPERIOR COURT WILEY W. MANUEL COURTHOUSE,J,OTHER OBJECT,DEBRIS FROM CRASH,0,0,B,DUSK-DAWN,37.74173,-122.197229,,,,,A,NO PEDESTRIANS INVOLVED,1/2/2025 5:06:00 AM,C,,,,I-880 N/B (NIMITZ FREEWAY),,,1/10/2025 6:39:09 AM,A,N,300.0,HENGEBERGER ROAD,F,,D,1/10/2025 6:39:13 AM,1/10/2025 6:39:13 AM,False,True,4,,1/2/2025 5:10:00 AM,0510,False,,,True
4532617,9370-2025-00002,1,False,9370,1/1/2025 2:40:00 AM,240,054,14,109,Oakland,1,True,True,C,REAR END,,Wednesday,NotApplicable,False,M,,False,True,False,ALAMEDA SUPERIOR COURT WILEY W. MANUEL COURTHOUSE,C,OTHER MOTOR VEHICLE,,1,0,C,DARK-STREET LIGHTS,37.804492,-122.233864,,,,,A,NO PEDESTRIANS INVOLVED,1/1/2025 2:40:00 AM,A,VC 22350,False,1,I-580 E/B,,,1/10/2025 6:18:47 AM,A,W,100.0,PARK BOULEVARD,F,,D,1/10/2025 6:18:51 AM,1/10/2025 6:18:51 AM,False,True,4,,1/1/2025 2:45:00 AM,0245,False,,,True
4532611,9370-2025-00001,1,False,9370,1/1/2025 1:19:00 AM,119,055,14,109,Oakland,1,True,True,E,HIT OBJECT,,Wednesday,NotApplicable,False,,,False,True,False,ALAMEDA SUPERIOR COURT WILEY W. MANUEL COURTHOUSE,I,FIXED OBJECT,METAL IMPACT ATTENUATOR,0,0,C,DARK-STREET LIGHTS,37.826697,-122.287389,,,,,A,NO PEDESTRIANS INVOLVED,1/1/2025 1:19:00 AM,A,VC 23152(a),True,1,I-580 W/B,,,1/10/2025 6:15:42 AM,A,W,823.0,HOLLIS ST,F,,D,1/10/2025 6:15:45 AM,1/10/2025 6:15:45 AM,False,True,4,,1/1/2025 1:21:00 AM,0121,False,,,True
4531564,9370-2025-00050,1,False,9370,1/2/2025 5:30:00 PM,1730,052,14,109,Oakland,1,True,True,C,REAR END,,Thursday,NotApplicable,False,,,False,True,False,ALAMEDA SUPERIOR COURT WILEY W. MANUEL COURTHOUSE,C,OTHER MOTOR VEHICLE,,1,0,D,DARK-NO STREET LIGHTS,37.777881,-122.167861,,,,,A,NO PEDESTRIANS INVOLVED,1/2/2025 5:30:00 PM,A,VC 22350,False,1,I-580 E/B,,,1/9/2025 10:13:06 AM,A,W,1163.0,EDWARDS AVE,F,,D,1/9/2025 10:13:08 AM,1/9/2025 10:13:08 AM,False,True,4,,1/2/2025 5:33:00 PM,1733,False,,,True
4531558,9370-2025-00008,1,False,9370,1/1/2025 10:05:00 PM,2205,053,14,109,Oakland,1,True,True,A,HEAD-ON,,Wednesday,Yes,False,,,False,True,False,ALAMEDA SUPERIOR COURT WILEY W. MANUEL COURTHOUSE,I,FIXED OBJECT,TREE,1,0,D,DARK-NO STREET LIGHTS,37.798571,-122.217385,,,,,A,NO PEDESTRIANS INVOLVED,1/1/2025 10:05:00 PM,A,VC 22107,False,1,I-580 WESTBOUND,,,1/9/2025 10:09:20 AM,A,W,50.0,FRUITVALE AVENUE,F,,D,1/9/2025 10:09:20 AM,1/9/2025 10:09:20 AM,False,True,4,,1/1/2025 10:10:00 PM,2210,False,,,True
4531543,9370-2025-00004,1,False,9370,1/1/2025 7:38:00 AM,738,054,14,109,Oakland,1,True,True,E,HIT OBJECT,,Wednesday,NotApplicable,False,,,False,True,False,ALAMEDA SUPERIOR COURT WILEY W. MANUEL COURTHOUSE,I,FIXED OBJECT,CENTER DIVIDE,0,0,B,DUSK-DAWN,37.811691,-122.250131,,,,,A,NO PEDESTRIANS INVOLVED,1/1/2025 7:38:00 AM,A,VC 22350,False,1,I-580 W/B,,,1/9/2025 10:02:56 AM,A,W,560.0,GRAND AVE,F,,D,1/9/2025 10:02:59 AM,1/9/2025 10:02:59 AM,False,True,4,,1/1/2025 7:41:00 AM,0741,False,,,True
4531399,9370-2025-00005,1,False,9370,1/1/2025 7:17:00 AM,717,098,14,109,Oakland,1,True,True,E,HIT OBJECT,,Wednesday,NotApplicable,False,M,,False,True,True,ALAMEDA SUPERIOR COURT WILEY W. MANUEL COURTHOUSE,I,FIXED OBJECT,ATTENUATOR BARRELS,0,0,A,DAYLIGHT,37.821923,-122.269318,,,,,A,NO PEDESTRIANS INVOLVED,1/1/2025 7:17:00 AM,A,VC 22107,False,1,I-980 W/B,,,1/9/2025 9:00:31 AM,A,E,1800.0,27TH STREET,F,,D,1/9/2025 9:00:33 AM,1/9/2025 9:00:33 AM,False,True,4,True,1/1/2025 7:20:00 AM,0720,True,EMBEDDED,,True
4531176,9370-2025-00017,1,False,9370,1/2/2025 3:22:00 PM,1522,054,14,109,Oakland,1,True,True,C,REAR END,,Thursday,Yes,False,F,,False,True,False,ALAMEDA SUPERIOR COURT WILEY W. MANUEL COURTHOUSE,C,OTHER MOTOR VEHICLE,,1,0,A,DAYLIGHT,37.809333,-122.244008,,,,,A,NO PEDESTRIANS INVOLVED,1/2/2025 3:22:00 PM,A,VC 22350,False,1,INTERSTATE 580 WB TO LAKESHORE AVENUE,,,1/9/2025 7:21:03 AM,A,E,650.0,LAKESHORE AVENUE,F,,D,1/9/2025 7:21:05 AM,1/9/2025 7:21:05 AM,False,True,4,False,1/2/2025 3:22:00 PM,1522,False,,,True
4530844,9370-2025-00029,1,False,9370,1/4/2025 12:25:00 PM,1225,055,14,109,Oakland,1,True,True,B,SIDE SWIPE,,Saturday,NotApplicable,False,,,False,True,False,ALAMEDA SUPERIOR COURT WILEY W. MANUEL COURTHOUSE,C,OTHER MOTOR VEHICLE,,0,0,A,DAYLIGHT,37.826735,-122.28834,,,,,A,NO PEDESTRIANS INVOLVED,1/4/2025 12:25:00 PM,A,VC 21658(A),False,1,I-580 W/B TO I-80 E/B,,,1/8/2025 10:50:38 PM,A,W,1500.0,MANDELA PARKWAY,F,,D,1/8/2025 10:50:46 PM,1/8/2025 10:50:46 PM,False,True,4,,1/4/2025 12:31:00 PM,1231,False,,,True
4530843,9370-2025-00019,1,False,9370,1/3/2025 6:25:00 AM,625,053,14,109,Oakland,1,True,True,F,OVERTURNED,,Friday,NotApplicable,False,,,False,True,False,ALAMEDA SUPERIOR COURT WILEY W. MANUEL COURTHOUSE,I,FIXED OBJECT,CENTER DIVIDER,0,0,B,DUSK-DAWN,37.792406,-122.203501,,,,,A,NO PEDESTRIANS INVOLVED,1/3/2025 6:25:00 AM,A,VC 22350,False,1,I-580 W/B,,,1/8/2025 10:42:09 PM,B,W,57.0,35TH AVE,F,,D,1/8/2025 10:42:09 PM,1/8/2025 10:42:09 PM,False,True,4,,1/3/2025 6:30:00 AM,0630,False,,,True
4525747,9345-2025-00016,1,False,9345,1/3/2025 12:40:00 AM,40,904,14,109,Oakland,1,True,True,E,HIT OBJECT,,Friday,Yes,False,,,False,True,True,EAST COUNTY HALL OF JUSTICE,I,FIXED OBJECT,CONCRETE CURB,0,0,C,DARK-STREET LIGHTS,37.766199,-122.21814,,,,,A,NO PEDESTRIANS INVOLVED,1/3/2025 12:40:00 AM,A,VC 22107,False,1,I-880 N/B TO HIGH ST,,,1/4/2025 9:53:02 AM,A,W,18.0,COLISEUM WAY,F,,A,1/4/2025 9:53:04 AM,1/4/2025 9:53:04 AM,False,True,4,True,1/3/2025 12:40:00 AM,0040,False,,,True
4562990,9370-2025-00350,1,False,9370,2/1/2025 6:30:00 PM,1830,055,14,109,Oakland,1,True,True,C,REAR END,,Saturday,Yes,False,,,False,True,False,ALAMEDA SUPERIOR COURT WILEY W. MANUEL COURTHOUSE,C,OTHER MOTOR VEHICLE,,1,0,D,DARK-NO STREET LIGHTS,37.826453,-122.287543,,,,,A,NO PEDESTRIANS INVOLVED,2/1/2025 6:30:00 PM,A,VC 22350,False,1,I-580 E/B,,,2/3/2025 6:00:54 PM,B,W,894.0,HOLLIS STREET,F,,D,2/3/2025 6:00:58 PM,2/3/2025 6:00:58 PM,False,True,4,,2/1/2025 6:35:00 PM,1835,False,,,True
4562980,9370-2025-00348,1,False,9370,2/1/2025 2:35:00 PM,1435,052,14,109,Oakland,1,True,True,F,OVERTURNED,,Saturday,NotApplicable,False,,,False,True,True,ALAMEDA SUPERIOR COURT WILEY W. MANUEL COURTHOUSE,I,FIXED OBJECT,CONCRETE BARRIER WALL,1,0,A,DAYLIGHT,37.779488,-122.170693,,,,,A,NO PEDESTRIANS INVOLVED,2/1/2025 2:35:00 PM,A,VC 22350,False,1,I-580 W/B,,,2/3/2025 5:44:56 PM,B,E,908.0,KUHNLE AVENUE,F,,D,2/3/2025 5:44:58 PM,2/3/2025 5:44:58 PM,False,True,4,,2/1/2025 2:42:00 PM,1442,False,,,True
4562979,9370-2025-00345,1,False,9370,2/1/2025 1:40:00 PM,1340,176,14,109,Oakland,1,True,True,E,HIT OBJECT,,Saturday,NotApplicable,False,,,False,True,True,ALAMEDA SUPERIOR COURT WILEY W. MANUEL COURTHOUSE,I,FIXED OBJECT,CONCRETE WALL,0,0,A,DAYLIGHT,37.766992,-122.219716,,,,,A,NO PEDESTRIANS INVOLVED,2/1/2025 1:40:00 PM,A,VC 22350,False,1,I-880 S/B,,,2/3/2025 5:42:52 PM,B,S,400.0,HIGH STREET,F,,D,2/3/2025 5:42:54 PM,2/3/2025 5:42:54 PM,False,True,4,False,2/1/2025 1:45:00 PM,1345,False,,,True
4562976,9370-2025-00343,1,False,9370,2/1/2025 1:00:00 PM,1300,053,14,109,Oakland,1,True,True,C,REAR END,,Saturday,NotApplicable,False,,,False,True,False,ALAMEDA SUPERIOR COURT WILEY W. MANUEL COURTHOUSE,C,OTHER MOTOR VEHICLE,,1,0,A,DAYLIGHT,37.798904,-122.219217,,,,,A,NO PEDESTRIANS INVOLVED,2/1/2025 1:00:00 PM,D,,,,I-580 W/B,,,2/3/2025 5:30:28 PM,B,W,500.0,FRUITVALE AVE,F,,D,2/3/2025 5:30:31 PM,2/3/2025 5:30:31 PM,False,True,4,,2/1/2025 1:07:00 PM,1307,False,,,True
4562949,9370-2025-00332,1,False,9370,2/1/2025 3:10:00 AM,310,008,14,109,Oakland,1,True,True,B,SIDE SWIPE,,Saturday,NotApplicable,False,,,False,True,True,ALAMEDA SUPERIOR COURT WILEY W. MANUEL COURTHOUSE,C,OTHER MOTOR VEHICLE,,0,0,D,DARK-NO STREET LIGHTS,37.829102,-122.294271,,,,,A,NO PEDESTRIANS INVOLVED,2/1/2025 3:10:00 AM,A,VC 22107,False,1,I-80 W/B,,,2/3/2025 4:26:50 PM,B,W,3270.0,WEST GRAND AVENUE,F,,D,2/3/2025 4:26:53 PM,2/3/2025 4:26:53 PM,False,True,4,,2/1/2025 3:13:00 AM,0313,False,,,True
4562946,9370-2025-00334,1,False,9370,2/1/2025 2:30:00 AM,230,098,14,109,Oakland,1,True,True,B,SIDE SWIPE,,Saturday,NotApplicable,False,M,,False,True,True,ALAMEDA SUPERIOR COURT WILEY W. MANUEL COURTHOUSE,C,OTHER MOTOR VEHICLE,,1,0,B,DUSK-DAWN,37.815542,-122.270487,,,,,B,CROSSING IN CROSS WALK AT INTERSECTION,2/1/2025 2:30:00 AM,A,VC 22350,False,1,I-980 E/B,,,2/3/2025 4:16:04 PM,B,W,230.0,27TH ST,F,,D,2/3/2025 4:16:07 PM,2/3/2025 4:16:07 PM,False,True,4,,2/1/2025 2:37:00 AM,0237,False,,,True
4562943,9370-2025-00336,1,False,9370,2/1/2025 1:06:00 AM,106,013,14,109,Oakland,1,True,True,B,SIDE SWIPE,,Saturday,NotApplicable,False,M,,False,True,False,ALAMEDA SUPERIOR COURT WILEY W. MANUEL COURTHOUSE,C,OTHER MOTOR VEHICLE,,0,0,D,DARK-NO STREET LIGHTS,37.826324,-122.211034,,,,,A,NO PEDESTRIANS INVOLVED,2/1/2025 1:06:00 AM,A,VC 22107,False,1,SR-13 N/B,,,2/3/2025 4:11:57 PM,B,N,1900.0,PARK BLVD,F,,D,2/3/2025 4:11:59 PM,2/3/2025 4:11:59 PM,False,True,4,,2/1/2025 1:08:00 AM,0108,False,,,True
4562927,9370-2025-00331,1,False,9370,1/31/2025 10:25:00 PM,2225,008,14,109,Oakland,1,True,True,E,HIT OBJECT,,Friday,NotApplicable,False,,,False,True,True,ALAMEDA SUPERIOR COURT WILEY W. MANUEL COURTHOUSE,I,FIXED OBJECT,CONCRETE BARRIER WALL,1,0,D,DARK-NO STREET LIGHTS,37.829767,-122.293785,,,,,A,NO PEDESTRIANS INVOLVED,1/31/2025 10:25:00 PM,A,VC 22107,False,1,I-80 W/B,,,2/3/2025 3:52:53 PM,B,W,3015.0,POWELL ST,F,,D,2/3/2025 3:52:54 PM,2/3/2025 3:52:54 PM,False,True,4,,1/31/2025 10:30:00 PM,2230,False,,,True
4562919,9370-2025-00330,1,False,9370,1/31/2025 10:10:00 PM,2210,008,14,109,Oakland,1,True,True,E,HIT OBJECT,,Friday,NotApplicable,False,,,False,True,True,ALAMEDA SUPERIOR COURT WILEY W. MANUEL COURTHOUSE,I,FIXED OBJECT,GUARDRAIL,0,0,D,DARK-NO STREET LIGHTS,37.829207,-122.294145,,,,,A,NO PEDESTRIANS INVOLVED,1/31/2025 10:10:00 PM,A,VC 22350,False,1,I-80 W/B,,,2/3/2025 3:44:07 PM,B,E,3270.0,WEST GRAND AVENUE,F,,D,2/3/2025 3:44:09 PM,2/3/2025 3:44:09 PM,False,True,4,,1/31/2025 10:15:00 PM,2215,False,,,True
4562856,9335-2025-00175,1,False,9335,1/22/2025 9:45:00 PM,2145,082,14,109,Oakland,1,True,True,C,REAR END,,Wednesday,Yes,False,,,False,True,True,ALAMEDA SUPERIOR COURT ALAMEDA,C,OTHER MOTOR VEHICLE,,0,0,C,DARK-STREET LIGHTS,37.819714,-122.346653,,,,,A,NO PEDESTRIANS INVOLVED,1/22/2025 9:45:00 PM,A,VC 22350,False,1,I-80 WB,,,2/3/2025 2:51:06 PM,A,E,4910.0,NORTHGATE ROAD,F,,D,2/3/2025 2:51:08 PM,2/3/2025 2:51:08 PM,False,True,4,,1/22/2025 9:46:00 PM,2146,False,,,True
4562797,9370-2025-00320,1,False,9370,1/31/2025 10:45:00 AM,1045,053,14,109,Oakland,1,True,True,C,REAR END,,Friday,NotApplicable,False,,,False,True,True,ALAMEDA SUPERIOR COURT WILEY W. MANUEL COURTHOUSE,C,OTHER MOTOR VEHICLE,,0,0,A,DAYLIGHT,37.792019,-122.202958,,,,,A,NO PEDESTRIANS INVOLVED,1/31/2025 10:45:00 AM,A,VC 22350,False,1,I-580 W/B,,,2/3/2025 12:25:58 PM,B,E,70.0,35TH AVE,F,,D,2/3/2025 12:26:00 PM,2/3/2025 12:26:00 PM,False,True,4,,1/31/2025 10:50:00 AM,1050,False,,,True
4562764,9370-2025-00333,1,False,9370,1/31/2025 6:20:00 AM,620,176,14,109,Oakland,1,True,True,C,REAR END,,Friday,NotApplicable,False,,,False,True,True,ALAMEDA SUPERIOR COURT WILEY W. MANUEL COURTHOUSE,C,OTHER MOTOR VEHICLE,,1,0,C,DARK-STREET LIGHTS,37.774175,-122.231275,,,,,A,NO PEDESTRIANS INVOLVED,1/31/2025 6:20:00 AM,A,VC 22350,False,1,I-880 S/B,,,2/3/2025 11:57:11 AM,A,N,3810.0,HIGH ST,F,,D,2/3/2025 11:57:13 AM,2/3/2025 11:57:13 AM,False,True,4,True,1/31/2025 6:23:00 AM,0623,False,,,True
4562746,9370-2025-00254,1,False,9370,1/24/2025 11:55:00 PM,2355,008,14,109,Oakland,1,True,True,A,HEAD-ON,,Friday,NotApplicable,False,,,False,True,False,ALAMEDA SUPERIOR COURT WILEY W. MANUEL COURTHOUSE,I,FIXED OBJECT,DELINIATOR,0,0,C,DARK-STREET LIGHTS,37.824707,-122.312446,,,,,A,NO PEDESTRIANS INVOLVED,1/24/2025 11:55:00 PM,A,VC 22107,False,1,I-80 W/B,,,2/3/2025 11:41:32 AM,A,W,821.0,WEST GRAND AVENUE OVERCROSSING,F,,D,2/3/2025 11:41:33 AM,2/3/2025 11:41:33 AM,False,True,4,,1/24/2025 11:56:00 PM,2356,False,,,True
4562294,9370-2025-00267,1,False,9370,1/26/2025 11:16:00 AM,1116,008,14,109,Oakland,1,True,True,C,REAR END,,Sunday,NotApplicable,False,,,False,True,False,ALAMEDA SUPERIOR COURT WILEY W. MANUEL COURTHOUSE,C,OTHER MOTOR VEHICLE,,0,0,A,DAYLIGHT,37.824796,-122.311718,,,,,A,NO PEDESTRIANS INVOLVED,1/26/2025 11:16:00 AM,A,VC 21658(A),True,1,I-80 W/B,,,2/3/2025 8:59:28 AM,A,E,600.0,SAN FRANCISCO-OAKLAND BAY BRIDGE (SFOBB) TOLL PLAZA,F,,D,2/3/2025 8:59:33 AM,2/3/2025 8:59:33 AM,False,True,4,,1/26/2025 11:22:00 AM,1122,True,EMBEDDED,,True
4562042,9370-2025-00266,1,False,9370,1/26/2025 8:42:00 AM,842,176,14,109,Oakland,1,True,True,C,REAR END,,Sunday,Yes,False,M,,False,True,False,ALAMEDA SUPERIOR COURT WILEY W. MANUEL COURTHOUSE,C,OTHER MOTOR VEHICLE,,0,0,A,DAYLIGHT,37.754208,-122.2082,,,,,A,NO PEDESTRIANS INVOLVED,1/26/2025 8:42:00 AM,A,VC 22350,False,1,I-880 N/B,,,2/3/2025 8:30:18 AM,A,N,100.0,66TH AVE,F,,A,2/3/2025 8:30:19 AM,2/3/2025 8:30:19 AM,False,True,4,False,1/26/2025 8:45:00 AM,0845,False,,,True
4562016,9370-2025-00369,1,False,9370,2/2/2025 5:50:00 PM,1750,080,14,109,Oakland,1,True,True,C,REAR END,,Sunday,NotApplicable,False,,,False,True,False,ALAMEDA SUPERIOR COURT WILEY W. MANUEL COURTHOUSE,C,OTHER MOTOR VEHICLE,,0,0,B,DUSK-DAWN,37.836644,-122.296212,,,,,A,NO PEDESTRIANS INVOLVED,2/2/2025 5:50:00 PM,A,VC 22350,False,1,I-80 W/B,,,2/3/2025 8:10:18 AM,B,W,500.0,POWELL STREET,F,,D,2/3/2025 8:10:19 AM,2/3/2025 8:10:19 AM,False,True,4,,2/2/2025 5:58:00 PM,1758,False,,,True
4562013,9370-2025-00365,1,False,9370,2/2/2025 1:20:00 PM,1320,054,14,109,Oakland,1,True,True,E,HIT OBJECT,,Sunday,Yes,False,,,False,True,False,ALAMEDA SUPERIOR COURT WILEY W. MANUEL COURTHOUSE,I,FIXED OBJECT,CONCRETE BARRIER,1,0,A,DAYLIGHT,37.811088,-122.24959,,,,,A,NO PEDESTRIANS INVOLVED,2/2/2025 1:20:00 PM,A,VC 22350,False,1,I-580 W/B,,,2/3/2025 8:07:38 AM,B,E,300.0,GRAND AVENUE,F,,D,2/3/2025 8:07:41 AM,2/3/2025 8:07:41 AM,False,True,4,,2/2/2025 1:24:00 PM,1324,False,,,True
4561976,9370-2025-00269,1,False,9370,1/25/2025 8:15:00 PM,2015,008,14,109,Oakland,1,True,True,C,REAR END,,Saturday,Yes,False,F,,False,True,False,ALAMEDA SUPERIOR COURT WILEY W. MANUEL COURTHOUSE,C,OTHER MOTOR VEHICLE,,0,0,C,DARK-STREET LIGHTS,37.82636,-122.300329,,,,,A,NO PEDESTRIANS INVOLVED,1/25/2025 8:15:00 PM,A,VC 22350,False,1,I-580 W/B TO I-80 W/B,,,2/3/2025 7:20:06 AM,A,E,3901.0,SFOBB TOLL PLAZA,F,,D,2/3/2025 7:20:08 AM,2/3/2025 7:20:08 AM,False,True,4,,1/25/2025 8:17:00 PM,2017,False,,,True
4557931,9370-2025-00322,1,False,9370,1/31/2025 2:25:00 PM,1425,176,14,109,Oakland,1,True,True,C,REAR END,,Friday,NotApplicable,False,,,False,True,False,ALAMEDA SUPERIOR COURT WILEY W. MANUEL COURTHOUSE,C,OTHER MOTOR VEHICLE,,1,0,A,DAYLIGHT,37.762773,-122.215808,,,,,A,NO PEDESTRIANS INVOLVED,1/31/2025 2:25:00 PM,A,VC 22350,False,1,I-880 N/B,,,1/31/2025 6:45:08 PM,B,S,2370.0,HIGH STREET,F,,D,1/31/2025 6:45:10 PM,1/31/2025 6:45:10 PM,False,True,4,,1/31/2025 2:27:00 PM,1427,False,,,True
4557862,9370-2025-00193,1,False,9370,1/20/2025 12:59:00 AM,59,008,14,109,Oakland,1,True,True,B,SIDE SWIPE,,Monday,NotApplicable,False,,,False,True,False,ALAMEDA SUPERIOR COURT WILEY W. MANUEL COURTHOUSE,E,PARKED MOTOR VEHICLE,,0,0,C,DARK-STREET LIGHTS,37.824169,-122.312518,,,,,A,NO PEDESTRIANS INVOLVED,1/20/2025 12:59:00 AM,A,VC 22107,False,1,I-80 E/B,,,1/31/2025 3:48:05 PM,A,E,330.0,SAN FRANCISCO-OAKLAND BAY BRIDGE TOLL PLAZA,F,,D,1/31/2025 3:48:07 PM,1/31/2025 3:48:07 PM,False,True,4,False,1/20/2025 1:00:00 AM,0100,True,EMBEDDED,,True
4557856,9370-2025-00252,1,False,9370,1/24/2025 11:50:00 AM,1150,055,14,109,Oakland,1,True,True,C,REAR END,,Friday,NotApplicable,False,M,,False,True,False,ALAMEDA SUPERIOR COURT WILEY W. MANUEL COURTHOUSE,D,MOTOR VEHICLE ON OTHER ROADWAY,,0,0,A,DAYLIGHT,37.827208,-122.268076,,,,,A,NO PEDESTRIANS INVOLVED,1/24/2025 11:50:00 AM,A,VC 22350,False,1,I-580 E/B,,,1/31/2025 3:39:19 PM,A,E,55.0,WEST MACARTHUR BLVD,F,,D,1/31/2025 3:39:20 PM,1/31/2025 3:39:20 PM,False,True,4,,1/24/2025 11:55:00 AM,1155,False,,,True
4557600,25-000988,1,False,109,1/7/2025 8:40:00 AM,840,25X,14,109,Oakland,1,True,True,D,BROADSIDE,,Tuesday,,,,,False,False,False,,E,PARKED MOTOR VEHICLE,,0,0,A,DAYLIGHT,,,,,,,A,NO PEDESTRIANS INVOLVED,,A,22107,,1,ELINORA AV,2,,,A,S,80.0,FIELDBROOK RD,F,,D,1/31/2025 2:27:15 PM,1/31/2025 2:27:15 PM,,,2,,,,,,,
4557479,25-000569,1,False,109,1/4/2025 1:19:00 PM,1319,30X,14,109,Oakland,1,True,True,A,HEAD-ON,,Saturday,,,,,False,False,False,,C,OTHER MOTOR VEHICLE,,1,0,A,DAYLIGHT,,,,,,,A,NO PEDESTRIANS INVOLVED,,A,22517,,1,73RD AV,2,,,A,S,10.0,WELD ST,F,,D,1/31/2025 2:27:06 PM,1/31/2025 2:27:06 PM,,,2,,,,,,,
4557423,9370-2025-00316,2,False,9370,1/30/2025 1:00:00 PM,1300,176,14,109,Oakland,1,True,True,C,REAR END,,Thursday,NotApplicable,False,,,False,True,True,ALAMEDA SUPERIOR COURT WILEY W. MANUEL COURTHOUSE,C,OTHER MOTOR VEHICLE,,0,0,A,DAYLIGHT,37.769605,-122.220981,,,,,A,NO PEDESTRIANS INVOLVED,1/30/2025 1:00:00 PM,A,VC 22350,False,1,I-880 N/B,,,2/3/2025 12:05:22 PM,A,N,450.0,HIGH STREET,F,,D,1/31/2025 2:01:07 PM,2/3/2025 12:05:23 PM,False,True,4,,1/30/2025 1:20:00 PM,1320,False,,,True
4557380,9370-2025-00182,1,False,9370,1/18/2025 1:10:00 PM,1310,025,14,109,Oakland,1,True,True,C,REAR END,,Saturday,NotApplicable,False,,,False,True,False,ALAMEDA SUPERIOR COURT WILEY W. MANUEL COURTHOUSE,C,OTHER MOTOR VEHICLE,,0,0,A,DAYLIGHT,37.832345,-122.266822,,,,,A,NO PEDESTRIANS INVOLVED,1/18/2025 1:10:00 PM,A,VC 22350,False,1,SR-24 W/B TO I-580 WESTBOUND,,,1/31/2025 1:13:08 PM,A,W,365.0,42ND ST,F,,D,1/31/2025 1:13:10 PM,1/31/2025 1:13:10 PM,False,True,4,,1/18/2025 1:24:00 PM,1324,False,,,True
4557262,9370-2025-00262,1,False,9370,1/25/2025 5:55:00 PM,1755,176,14,109,Oakland,1,True,True,E,HIT OBJECT,,Saturday,NotApplicable,False,,,False,True,True,ALAMEDA SUPERIOR COURT WILEY W. MANUEL COURTHOUSE,I,FIXED OBJECT,CONCRETE CENTER DIVIDE,0,0,D,DARK-NO STREET LIGHTS,37.774279,-122.23121,,,,,A,NO PEDESTRIANS INVOLVED,1/25/2025 5:55:00 PM,C,,,,I-880 S/B,,,1/31/2025 11:21:41 AM,A,N,1035.0,FRUITVALE AVE,F,,D,1/31/2025 11:21:42 AM,1/31/2025 11:21:42 AM,False,True,4,,1/25/2025 6:08:00 PM,1808,False,,,True
4557261,9370-2025-00238,1,False,9370,1/22/2025 2:15:00 PM,1415,055,14,109,Oakland,1,True,True,C,REAR END,,Wednesday,NotApplicable,False,,,False,True,False,ALAMEDA SUPERIOR COURT WILEY W. MANUEL COURTHOUSE,C,OTHER MOTOR VEHICLE,,0,0,A,DAYLIGHT,37.826868,-122.279553,,,,,A,NO PEDESTRIANS INVOLVED,1/22/2025 2:15:00 PM,A,VC 22350,False,1,I-580 E/B,,,1/31/2025 11:21:10 AM,A,E,68.0,ADELINE ST,F,,D,1/31/2025 11:21:11 AM,1/31/2025 11:21:11 AM,False,True,4,,1/22/2025 2:30:00 PM,1430,False,,,True
4557258,9370-2025-00240,1,False,9370,1/23/2025 8:05:00 AM,805,176,14,109,Oakland,1,True,True,C,REAR END,,Thursday,Yes,False,M,,False,True,True,ALAMEDA SUPERIOR COURT WILEY W. MANUEL COURTHOUSE,C,OTHER MOTOR VEHICLE,,0,0,A,DAYLIGHT,37.752068,-122.206262,,,,,A,NO PEDESTRIANS INVOLVED,1/23/2025 8:05:00 AM,A,VC 22350,False,1,I-880 N/B,,,1/31/2025 11:20:06 AM,A,S,800.0,66TH AVE,F,,D,1/31/2025 11:20:07 AM,1/31/2025 11:20:07 AM,False,True,4,,1/23/2025 8:10:00 AM,0810,False,,,True
4556468,9370-2025-00186,1,False,9370,1/19/2025 7:50:00 AM,750,176,14,109,Oakland,1,True,True,E,HIT OBJECT,,Sunday,NotApplicable,False,,,False,True,True,ALAMEDA SUPERIOR COURT WILEY W. MANUEL COURTHOUSE,I,FIXED OBJECT,GUARD RAIL,0,0,A,DAYLIGHT,37.748438,-122.203557,,,,,A,NO PEDESTRIANS INVOLVED,1/19/2025 7:50:00 AM,A,VC 22107,False,1,I-880 S/B,,,1/30/2025 4:57:11 PM,A,N,3500.0,HEGENBERGER RD,F,,D,1/30/2025 4:57:14 PM,1/30/2025 4:57:14 PM,False,True,4,,1/19/2025 7:55:00 AM,0755,False,,,True
4556425,9370-2025-00299,1,False,9370,1/29/2025 3:50:00 PM,1550,024,14,109,Oakland,1,True,True,B,SIDE SWIPE,,Wednesday,NotApplicable,False,,,False,True,False,ALAMEDA SUPERIOR COURT WILEY W. MANUEL COURTHOUSE,C,OTHER MOTOR VEHICLE,,0,0,A,DAYLIGHT,37.848569,-122.22701,,,,,A,NO PEDESTRIANS INVOLVED,1/29/2025 3:50:00 PM,A,VC 21658(A),False,1,SR-24 E/B,,,1/30/2025 3:55:57 PM,A,E,110.0,SR-13,F,,D,1/30/2025 3:55:58 PM,1/30/2025 3:55:58 PM,False,True,4,,1/29/2025 3:55:00 PM,1555,False,,False,True
4556406,9370-2025-00280,1,False,9370,1/27/2025 4:48:00 PM,1648,024,14,109,Oakland,1,True,True,E,HIT OBJECT,,Monday,NotApplicable,False,,,False,True,False,ALAMEDA SUPERIOR COURT WILEY W. MANUEL COURTHOUSE,J,OTHER OBJECT,UNKNOWN DEBRIS,0,0,A,DAYLIGHT,37.847961,-122.245325,,,,,A,NO PEDESTRIANS INVOLVED,1/27/2025 4:48:00 PM,A,VC 22350,False,1,SR-24 W/B FROM BROADWAY,,,1/30/2025 3:29:06 PM,A,W,400.0,PATTON ST,F,,D,1/30/2025 3:29:07 PM,1/30/2025 3:29:07 PM,False,True,4,,1/27/2025 4:50:00 PM,1650,False,,,True
4556379,9370-2025-00263,1,False,9370,1/25/2025 5:57:00 PM,1757,054,14,109,Oakland,1,True,True,B,SIDE SWIPE,,Saturday,NotApplicable,False,M,,False,True,False,ALAMEDA SUPERIOR COURT WILEY W. MANUEL COURTHOUSE,C,OTHER MOTOR VEHICLE,,0,0,C,DARK-STREET LIGHTS,37.816817,-122.252005,,,,,A,NO PEDESTRIANS INVOLVED,1/25/2025 5:57:00 PM,A,VC 21658(A),False,1,I-580 E/B,,,1/30/2025 3:10:01 PM,A,W,248.0,CHETWOOD ST,F,,D,1/30/2025 3:10:05 PM,1/30/2025 3:10:05 PM,False,True,4,,1/25/2025 6:07:00 PM,1807,False,,,True
4556305,9320-2025-00034,1,False,9320,1/5/2025 1:57:00 AM,157,901,14,109,Oakland,1,True,True,E,HIT OBJECT,,Sunday,Yes,False,,,False,False,False,ALAMEDA SUPERIOR COURT ADMINISTRATION BUILDING,I,FIXED OBJECT,CONCRETE RAISED MEDIAN,0,0,C,DARK-STREET LIGHTS,37.812985,-122.261339,,,,,A,NO PEDESTRIANS INVOLVED,1/5/2025 1:57:00 AM,A,VC 22107,False,1,HARRISON STREET N/B,,,1/30/2025 2:11:51 PM,A,N,40.0,27TH STREET,F,,A,1/30/2025 2:11:56 PM,1/30/2025 2:11:56 PM,False,False,4,,1/5/2025 1:58:00 AM,0158,True,EMBEDDED,,True
4555770,9370-2025-00225,1,False,9370,1/22/2025 9:35:00 AM,935,008,14,109,Oakland,1,True,True,B,SIDE SWIPE,,Wednesday,NotApplicable,False,,,False,True,False,ALAMEDA SUPERIOR COURT WILEY W. MANUEL COURTHOUSE,C,OTHER MOTOR VEHICLE,,0,0,A,DAYLIGHT,37.826696,-122.299699,,,,,A,NO PEDESTRIANS INVOLVED,1/22/2025 9:35:00 AM,A,VC 21658(A),True,1,I-80 W/B,,,1/30/2025 1:05:35 PM,A,E,3000.0,WEST GRAND AVENUE,F,,D,1/30/2025 1:05:38 PM,1/30/2025 1:05:38 PM,False,True,4,,1/22/2025 9:36:00 AM,0936,True,EMBEDDED,,True
4555663,9370-2025-00200,1,False,9370,1/20/2025 9:25:00 AM,925,052,14,109,Oakland,1,True,True,E,HIT OBJECT,,Monday,NotApplicable,False,,,False,True,False,ALAMEDA SUPERIOR COURT WILEY W. MANUEL COURTHOUSE,I,FIXED OBJECT,FALLEN TREE,0,0,A,DAYLIGHT,37.742774,-122.145708,,,,,A,NO PEDESTRIANS INVOLVED,1/20/2025 9:25:00 AM,C,,,,I-580 W/B,,,1/30/2025 11:27:45 AM,A,E,4410.0,106TH AVENUE,F,,D,1/30/2025 11:27:49 AM,1/30/2025 11:27:49 AM,False,True,4,,1/20/2025 9:33:00 AM,0933,False,,,True
4555545,9370-2025-00229,1,False,9370,1/22/2025 9:00:00 AM,900,841,14,109,Oakland,1,True,True,B,SIDE SWIPE,,Wednesday,NotApplicable,False,,,False,True,False,ALAMEDA SUPERIOR COURT WILEY W. MANUEL COURTHOUSE,C,OTHER MOTOR VEHICLE,,0,0,A,DAYLIGHT,37.828421,-122.267819,,,,,A,NO PEDESTRIANS INVOLVED,1/22/2025 9:00:00 AM,A,VC 21658(A),False,1,SR-24 WB TO I-580 WB/EB,,,1/30/2025 10:00:23 AM,A,W,450.0,40TH ST.,F,,D,1/30/2025 10:00:26 AM,1/30/2025 10:00:26 AM,False,True,4,,1/22/2025 9:10:00 AM,0910,False,,True,
4555532,9370-2025-00221,1,False,9370,1/21/2025 12:10:00 PM,1210,177,14,109,Oakland,1,True,True,B,SIDE SWIPE,,Tuesday,NotApplicable,False,,,False,True,False,ALAMEDA SUPERIOR COURT WILEY W. MANUEL COURTHOUSE,C,OTHER MOTOR VEHICLE,,0,0,A,DAYLIGHT,37.79322,-122.263345,,,,,A,NO PEDESTRIANS INVOLVED,1/21/2025 12:10:00 PM,A,VC 21658(a),False,1,I-880 N/B,,,1/30/2025 9:55:18 AM,A,S,1162.0,OAK ST,F,,D,1/30/2025 9:55:21 AM,1/30/2025 9:55:21 AM,False,True,4,,1/21/2025 12:20:00 PM,1220,False,,,True
4555451,9370-2025-00178,1,False,9370,1/18/2025 3:44:00 AM,344,013,14,109,Oakland,1,True,True,A,HEAD-ON,,Saturday,Yes,False,,,False,True,True,ALAMEDA SUPERIOR COURT WILEY W. MANUEL COURTHOUSE,I,FIXED OBJECT,METAL GUARDRAIL,0,0,D,DARK-NO STREET LIGHTS,37.790043,-122.181068,,,,,A,NO PEDESTRIANS INVOLVED,1/18/2025 3:44:00 AM,A,VC 23152(a),True,1,SR-13 N/B,,,1/30/2025 9:08:52 AM,A,S,575.0,LEONA HTS PED O/C,F,,D,1/30/2025 9:08:55 AM,1/30/2025 9:08:55 AM,False,True,4,True,1/18/2025 3:45:00 AM,0345,False,,,True
4555359,9370-2025-00165,1,False,9370,1/17/2025 12:47:00 AM,47,176,14,109,Oakland,1,True,True,E,HIT OBJECT,,Friday,Yes,False,,,False,True,True,ALAMEDA SUPERIOR COURT WILEY W. MANUEL COURTHOUSE,I,FIXED OBJECT,DELINIATORS,1,0,D,DARK-NO STREET LIGHTS,37.764927,-122.217493,,,,,A,NO PEDESTRIANS INVOLVED,1/17/2025 12:47:00 AM,A,VC 22107,False,1,I-880 N/B,,,1/30/2025 7:52:24 AM,A,S,1430.0,HIGH STREET,F,,D,1/30/2025 7:52:25 AM,1/30/2025 7:52:25 AM,False,True,4,,1/17/2025 12:48:00 AM,0048,False,,,True
4555350,9370-2025-00219,1,False,9370,1/21/2025 6:50:00 AM,650,176,14,109,Oakland,1,True,True,C,REAR END,,Tuesday,NotApplicable,False,,,False,True,False,ALAMEDA SUPERIOR COURT WILEY W. MANUEL COURTHOUSE,C,OTHER MOTOR VEHICLE,,0,0,A,DAYLIGHT,37.774006,-122.22995,,,,,A,NO PEDESTRIANS INVOLVED,1/21/2025 6:50:00 AM,A,VC 22350,False,1,I-880 N/B,,,1/30/2025 7:40:05 AM,A,S,1052.0,29TH AVE,F,,D,1/30/2025 7:40:07 AM,1/30/2025 7:40:07 AM,False,True,4,,1/21/2025 6:59:00 AM,0659,False,,,True
4555331,9370-2025-00205,1,False,9370,1/20/2025 7:50:00 AM,750,054,14,109,Oakland,1,True,True,C,REAR END,,Monday,NotApplicable,False,,,False,True,True,ALAMEDA SUPERIOR COURT WILEY W. MANUEL COURTHOUSE,C,OTHER MOTOR VEHICLE,,3,0,A,DAYLIGHT,37.806834,-122.23829,,,,,A,NO PEDESTRIANS INVOLVED,1/20/2025 7:50:00 AM,A,VC 22350,False,1,I-580 E/B,,,1/30/2025 7:23:13 AM,A,W,1646.0,PARK BLVD,F,,D,1/30/2025 7:23:16 AM,1/30/2025 7:23:16 AM,False,True,4,,1/20/2025 7:55:00 AM,0755,False,,,True
4554870,9335-2025-00182,1,False,9335,1/23/2025 11:06:00 AM,1106,082,14,109,Oakland,1,True,True,B,SIDE SWIPE,,Thursday,NotApplicable,False,M,,False,True,False,ALAMEDA SUPERIOR COURT WILEY W. MANUEL COURTHOUSE,C,OTHER MOTOR VEHICLE,,0,0,A,DAYLIGHT,37.824122,-122.318033,,,,,A,NO PEDESTRIANS INVOLVED,1/23/2025 11:06:00 AM,A,VC 21658(A),False,1,I-80 W/B,,,1/29/2025 5:48:50 PM,A,W,200.0,SAN FRANCISCO/OAKLAND BAY BRIDGE METERING LIGHTS,F,,D,1/29/2025 5:48:53 PM,1/29/2025 5:48:53 PM,False,True,4,,1/23/2025 11:15:00 AM,1115,False,,,True
4554846,9370-2025-00146,1,False,9370,1/15/2025 9:00:00 AM,900,176,14,109,Oakland,1,True,True,C,REAR END,,Wednesday,Yes,False,,,False,True,False,ALAMEDA SUPERIOR COURT WILEY W. MANUEL COURTHOUSE,C,OTHER MOTOR VEHICLE,,1,0,A,DAYLIGHT,37.731873,-122.188757,,,,,A,NO PEDESTRIANS INVOLVED,1/15/2025 9:00:00 AM,A,VC 22350,False,1,I-880 SB,,,1/29/2025 4:39:19 PM,A,N,21.0,98TH STREET,F,,D,1/29/2025 4:39:21 PM,1/29/2025 4:39:21 PM,False,True,4,,1/15/2025 9:07:00 AM,0907,False,,,True
4554797,9335-2025-00176,1,False,9335,1/21/2025 6:10:00 PM,1810,082,14,109,Oakland,1,True,True,C,REAR END,,Tuesday,NotApplicable,False,,,False,True,False,ALAMEDA SUPERIOR COURT ADMINISTRATION BUILDING,C,OTHER MOTOR VEHICLE,,0,0,C,DARK-STREET LIGHTS,37.825047,-122.314102,,,,,A,NO PEDESTRIANS INVOLVED,1/21/2025 6:10:00 PM,A,VC 22350,False,1,I-80 WESTBOUND,,,1/29/2025 3:47:53 PM,A,W,40.0,TOLL PLAZA,F,,D,1/29/2025 3:47:57 PM,1/29/2025 3:47:57 PM,False,True,4,,1/21/2025 6:18:00 PM,1818,True,EMBEDDED,,True
4554658,25-000573,1,False,109,1/4/2025 1:13:00 PM,1313,32Y,14,109,Oakland,1,True,True,D,BROADSIDE,,Saturday,,,,,False,False,False,,C,OTHER MOTOR VEHICLE,,1,0,A,DAYLIGHT,,,,,,,A,NO PEDESTRIANS INVOLVED,,A,22450A,,1,108TH AV,2,,,A,,,MYERS ST,,,A,1/29/2025 3:04:32 PM,1/29/2025 3:04:32 PM,,,2,,,,,,,
4554644,25-000680,1,False,109,1/5/2025 7:45:00 AM,745,03X,14,109,Oakland,1,True,True,D,BROADSIDE,,Sunday,,,,,False,False,False,,C,OTHER MOTOR VEHICLE,,1,0,A,DAYLIGHT,,,,,,,A,NO PEDESTRIANS INVOLVED,,A,21453A,,1,OAK ST,1,,,A,,,7TH ST,,,A,1/29/2025 3:04:30 PM,1/29/2025 3:04:30 PM,,,2,,,,,,,
4554600,25-001006,1,False,109,1/7/2025 10:26:00 AM,1026,14X,14,109,Oakland,1,True,True,D,BROADSIDE,,Tuesday,,,,,False,False,True,,C,OTHER MOTOR VEHICLE,,2,0,A,DAYLIGHT,,,,,,,A,NO PEDESTRIANS INVOLVED,,A,21453A,,1,LAKESHORE AV,1,,,A,,,MACARTHUR BL,,,A,1/29/2025 3:04:25 PM,1/29/2025 3:04:25 PM,,,2,,,,,,,
4554590,25-000846,1,False,109,1/6/2025 10:06:00 AM,1006,29X,14,109,Oakland,1,True,True,D,BROADSIDE,,Monday,,,,,False,False,False,,C,OTHER MOTOR VEHICLE,,1,0,A,DAYLIGHT,,,,,,,A,NO PEDESTRIANS INVOLVED,,A,21801A,,1,CHURCH ST,2,,,A,,,FOOTHILL BL,,,A,1/29/2025 3:04:23 PM,1/29/2025 3:04:23 PM,,,2,,,,,,,
4554589,25-001211,1,False,109,1/7/2025 9:36:00 PM,2136,18X,14,109,Oakland,1,True,True,D,BROADSIDE,,Tuesday,,,M,,False,False,False,,C,OTHER MOTOR VEHICLE,,1,0,C,DARK-STREET LIGHTS,,,,,,,A,NO PEDESTRIANS INVOLVED,,A,21453A,,1,14TH AV,1,,,A,,,E 31ST ST,,,A,1/29/2025 3:04:23 PM,1/29/2025 3:04:23 PM,,,2,,,,,,,
4554582,25-000923,1,False,109,1/6/2025 6:15:00 PM,1815,26X,14,109,Oakland,1,True,True,C,REAR END,,Monday,,,M,,False,False,False,,C,OTHER MOTOR VEHICLE,,1,0,C,DARK-STREET LIGHTS,,,,,,,A,NO PEDESTRIANS INVOLVED,,A,22350,,1,72ND AV,2,,,A,,,INTERNATIONAL BL,,,A,1/29/2025 3:04:22 PM,1/29/2025 3:04:22 PM,,,2,,,,,,,
4554577,25-00863,1,False,109,1/6/2025 11:42:00 AM,1142,32X,14,109,Oakland,1,True,True,A,HEAD-ON,,Monday,,,,,False,False,False,,C,OTHER MOTOR VEHICLE,,1,0,A,DAYLIGHT,,,,,,,A,NO PEDESTRIANS INVOLVED,,A,21801A,,1,98TH AV,2,,,A,,,E ST,,,A,1/29/2025 3:04:22 PM,1/29/2025 3:04:22 PM,,,2,,,,,,,
4554528,25-000980,1,False,109,1/7/2025 7:28:00 AM,728,26Y,14,109,Oakland,1,True,True,B,SIDE SWIPE,,Tuesday,,,F,,False,False,False,,C,OTHER MOTOR VEHICLE,,0,0,A,DAYLIGHT,,,,,,,A,NO PEDESTRIANS INVOLVED,,A,22350,,1,65TH AV,2,,,A,,,INTERNATIONAL BL,,,A,1/29/2025 3:04:15 PM,1/29/2025 3:04:15 PM,,,2,,,,,,,
4554517,25-001068,1,False,109,1/7/2025 3:57:00 PM,1557,19X,14,109,Oakland,1,True,True,B,SIDE SWIPE,,Tuesday,,,,,False,False,False,,C,OTHER MOTOR VEHICLE,,0,0,A,DAYLIGHT,,,,,,,A,NO PEDESTRIANS INVOLVED,,A,21453A,,1,E 15TH ST,1,,,A,,,14TH AV,,,A,1/29/2025 3:04:14 PM,1/29/2025 3:04:14 PM,,,2,,,,,,,
4554503,25-000523,1,False,109,1/4/2025 1:46:00 AM,146,19X,14,109,Oakland,1,True,True,D,BROADSIDE,,Saturday,,,,,False,False,False,,C,OTHER MOTOR VEHICLE,,0,0,C,DARK-STREET LIGHTS,,,,,,,A,NO PEDESTRIANS INVOLVED,,A,21453A,,1,E 15TH ST,1,,,A,,,8TH AV,,,A,1/29/2025 3:04:12 PM,1/29/2025 3:04:12 PM,,,2,,,,,,,
4554475,25-001088,1,False,109,1/7/2025 5:28:00 PM,1728,20X,14,109,Oakland,1,True,True,C,REAR END,,Tuesday,,,M,,False,False,False,,C,OTHER MOTOR VEHICLE,,0,0,C,DARK-STREET LIGHTS,,,,,,,A,NO PEDESTRIANS INVOLVED,,A,22350,,1,FRUITVALE AV,2,,,A,S,25.0,E 15TH ST,F,,A,1/29/2025 3:04:09 PM,1/29/2025 3:04:09 PM,,,2,,,,,,,
4554469,25-000982,1,False,109,1/7/2025 8:08:00 AM,808,32X,14,109,Oakland,1,True,True,H,OTHER,,Tuesday,,,M,,False,False,False,,E,PARKED MOTOR VEHICLE,,0,0,A,DAYLIGHT,,,,,,,A,NO PEDESTRIANS INVOLVED,,A,22106,,1,PONTIAC ST,2,,,A,W,35.0,106TH AV,F,,D,1/29/2025 3:04:08 PM,1/29/2025 3:04:08 PM,,,2,,,,,,,
4554266,9370-2025-00227,1,False,9370,1/22/2025 7:20:00 AM,720,052,14,109,Oakland,1,True,True,C,REAR END,,Wednesday,NotApplicable,False,M,,False,True,False,ALAMEDA SUPERIOR COURT WILEY W. MANUEL COURTHOUSE,C,OTHER MOTOR VEHICLE,,0,0,A,DAYLIGHT,37.778889,-122.169381,,,,,A,NO PEDESTRIANS INVOLVED,1/22/2025 7:20:00 AM,A,VC 22350,False,1,I-580 W/B,,,1/29/2025 12:19:57 PM,A,E,500.0,SEMINARY AVE,F,,D,1/29/2025 12:20:01 PM,1/29/2025 12:20:01 PM,False,True,4,,1/22/2025 8:00:00 AM,0800,False,,,True
4554189,9370-2025-00293,1,False,9370,1/22/2025 7:21:00 AM,721,052,14,109,Oakland,1,True,True,C,REAR END,,Wednesday,NotApplicable,False,,,False,True,False,ALAMEDA SUPERIOR COURT WILEY W. MANUEL COURTHOUSE,C,OTHER MOTOR VEHICLE,,0,0,A,DAYLIGHT,37.778886,-122.169373,,,,,A,NO PEDESTRIANS INVOLVED,1/22/2025 7:21:00 AM,A,VC 22350,False,1,I-580 W/B,,,1/29/2025 11:15:39 AM,A,E,600.0,SEMINARY AVE,F,,D,1/29/2025 11:15:41 AM,1/29/2025 11:15:41 AM,False,True,4,,1/22/2025 7:30:00 AM,0730,False,,,True
4553979,25-000235,1,False,109,1/2/2025 6:01:00 AM,601,31X,14,109,Oakland,1,True,True,H,OTHER,,Thursday,,,M,,False,False,False,,E,PARKED MOTOR VEHICLE,,0,0,A,DAYLIGHT,,,,,,,A,NO PEDESTRIANS INVOLVED,,A,22107,,1,105TH AV,2,,,A,S,15.0,PATRICIA CT,F,,D,1/29/2025 9:32:56 AM,1/29/2025 9:32:56 AM,,,2,,,,,,,
4553969,25-0000965,1,False,109,1/7/2025 1:51:00 AM,151,32Y,14,109,Oakland,1,True,True,B,SIDE SWIPE,,Tuesday,,,M,,False,False,False,,E,PARKED MOTOR VEHICLE,,0,0,C,DARK-STREET LIGHTS,,,,,,,A,NO PEDESTRIANS INVOLVED,,A,22107,,1,E ST,2,,,A,W,360.0,98TH AV,F,,A,1/29/2025 9:32:56 AM,1/29/2025 9:32:56 AM,,,2,,,,,,,
4553968,24-001351,1,False,109,1/8/2025 6:45:00 PM,1845,19X,14,109,Oakland,1,True,True,A,HEAD-ON,,Wednesday,,,,,False,False,False,,C,OTHER MOTOR VEHICLE,,0,0,C,DARK-STREET LIGHTS,,,,,,,A,NO PEDESTRIANS INVOLVED,,A,22350,,1,12TH AV,1,,,A,,,E 12TH ST,,,D,1/29/2025 9:32:56 AM,1/29/2025 9:32:56 AM,,,2,,,,,,,
4553951,25-001680,1,False,109,1/10/2025 3:58:00 PM,1558,28X,14,109,Oakland,1,True,True,E,HIT OBJECT,,Friday,,,M,,False,False,False,,I,FIXED OBJECT,,0,0,A,DAYLIGHT,,,,,,,A,NO PEDESTRIANS INVOLVED,,A,22107,,1,MACARTHUR BL,2,,,A,W,161.0,MILLSVIEW AV,F,,D,1/29/2025 9:32:55 AM,1/29/2025 9:32:55 AM,,,2,,,,,,,
4553651,9370-2025-00249,1,False,9370,1/24/2025 7:35:00 AM,735,177,14,109,Oakland,1,True,True,C,REAR END,,Friday,NotApplicable,False,,,False,True,True,ALAMEDA SUPERIOR COURT WILEY W. MANUEL COURTHOUSE,C,OTHER MOTOR VEHICLE,,0,0,A,DAYLIGHT,37.795808,-122.267652,,,,,A,NO PEDESTRIANS INVOLVED,1/24/2025 7:35:00 AM,A,VC 21658(A),False,1,I-880 NORTHBOUND,,,1/29/2025 6:19:31 AM,A,S,2230.0,JACKSON STREET,F,,D,1/29/2025 6:19:33 AM,1/29/2025 6:19:33 AM,False,True,4,,1/24/2025 7:40:00 AM,0740,False,,,True
4553639,9370-2025-00166,1,False,9370,1/17/2025 1:01:00 AM,101,176,14,109,Oakland,1,True,True,A,HEAD-ON,,Friday,Yes,False,,,False,True,True,ALAMEDA SUPERIOR COURT WILEY W. MANUEL COURTHOUSE,C,OTHER MOTOR VEHICLE,,2,0,D,DARK-NO STREET LIGHTS,37.76593,-122.218399,,,,,A,NO PEDESTRIANS INVOLVED,1/17/2025 1:01:00 AM,C,,,,I-880  N/B,,,1/29/2025 6:01:36 AM,A,S,975.0,HIGH STREET,F,,D,1/29/2025 6:01:38 AM,1/29/2025 6:01:38 AM,False,True,4,,1/17/2025 1:02:00 AM,0102,False,,,True
4552457,9370-2025-00244,1,False,9370,1/23/2025 6:35:00 PM,1835,176,14,109,Oakland,1,True,True,B,SIDE SWIPE,,Thursday,NotApplicable,False,,,False,True,False,ALAMEDA SUPERIOR COURT WILEY W. MANUEL COURTHOUSE,C,OTHER MOTOR VEHICLE,,0,0,C,DARK-STREET LIGHTS,37.774522,-122.232457,,,,,A,NO PEDESTRIANS INVOLVED,1/23/2025 6:35:00 PM,A,VC 21658(A),False,1,I-880 S/B,,,1/28/2025 10:20:35 AM,A,S,350.0,29TH AVE,F,,D,1/28/2025 10:20:40 AM,1/28/2025 10:20:40 AM,False,True,4,,1/23/2025 6:45:00 PM,1845,False,,,True
4552163,9370-2025-00239,1,False,9370,1/23/2025 4:05:00 AM,405,176,14,109,Oakland,1,True,True,C,REAR END,,Thursday,NotApplicable,False,M,,False,True,False,ALAMEDA SUPERIOR COURT WILEY W. MANUEL COURTHOUSE,C,OTHER MOTOR VEHICLE,,0,0,B,DUSK-DAWN,37.770303,-122.221284,,,,,A,NO PEDESTRIANS INVOLVED,1/23/2025 4:05:00 AM,A,VC 22350,False,1,I-880 N/B FROM SR-77,,,1/28/2025 8:40:40 AM,A,N,200.0,SR-77 S/B,F,,D,1/28/2025 8:40:42 AM,1/28/2025 8:40:42 AM,False,True,4,,1/23/2025 5:00:00 AM,0500,False,,,True
4551593,9370-2025-00228,1,False,9370,1/22/2025 2:10:00 PM,1410,025,14,109,Oakland,1,True,True,C,REAR END,,Wednesday,NotApplicable,False,,,False,True,False,ALAMEDA SUPERIOR COURT WILEY W. MANUEL COURTHOUSE,C,OTHER MOTOR VEHICLE,,0,0,A,DAYLIGHT,37.833573,-122.266538,,,,,A,NO PEDESTRIANS INVOLVED,1/22/2025 2:10:00 PM,A,VC 22350,False,1,SR-24 W/B,,,1/27/2025 5:30:30 PM,A,E,115.0,45TH ST,F,,D,1/27/2025 5:30:33 PM,1/27/2025 5:30:33 PM,False,True,4,,1/22/2025 2:15:00 PM,1415,False,,,True
4551480,9370-2025-00183,1,False,9370,1/18/2025 9:30:00 PM,2130,054,14,109,Oakland,1,True,True,B,SIDE SWIPE,,Saturday,NotApplicable,False,M,,False,True,False,ALAMEDA SUPERIOR COURT WILEY W. MANUEL COURTHOUSE,C,OTHER MOTOR VEHICLE,,0,0,D,DARK-NO STREET LIGHTS,37.812341,-122.250639,,,,,A,NO PEDESTRIANS INVOLVED,1/18/2025 9:30:00 PM,A,VC 21658(A),False,1,I-580 E/B,,,1/27/2025 3:59:43 PM,A,W,924.0,GRAND AVE,F,,D,1/27/2025 3:59:44 PM,1/27/2025 3:59:44 PM,False,True,4,,1/18/2025 9:40:00 PM,2140,False,,,True
4551440,9370-2025-00116,1,False,9370,1/13/2025 1:10:00 AM,110,178,14,109,Oakland,1,True,True,B,SIDE SWIPE,,Monday,NotApplicable,False,,,False,True,False,ALAMEDA SUPERIOR COURT WILEY W. MANUEL COURTHOUSE,I,FIXED OBJECT,CONCRETE WALL,0,0,C,DARK-STREET LIGHTS,37.828494,-122.293628,,,,,B,CROSSING IN CROSS WALK AT INTERSECTION,1/13/2025 1:10:00 AM,C,,,,I-80 W/B TO I-880 S/B,,,1/27/2025 3:22:45 PM,A,W,3555.0,POWELL STREET,F,,D,1/27/2025 3:22:47 PM,1/27/2025 3:22:47 PM,False,True,4,True,1/13/2025 1:12:00 AM,0112,False,,,True
4551372,9370-2025-00179,1,False,9370,1/17/2025 9:10:00 PM,2110,901,14,109,Oakland,1,True,True,E,HIT OBJECT,,Friday,Yes,False,,,False,False,True,ALAMEDA SUPERIOR COURT ALAMEDA,J,OTHER OBJECT,CONCRETE K-RAIL,1,0,D,DARK-NO STREET LIGHTS,37.753876,-122.210246,,,,,A,NO PEDESTRIANS INVOLVED,1/17/2025 9:10:00 PM,A,VC 22350,False,1,OAKPORT STREET (5800 BLOCK),,,1/27/2025 2:44:06 PM,A,W,362.0,ZHONE WAY,F,,D,1/27/2025 2:44:12 PM,1/27/2025 2:44:12 PM,False,False,4,,1/17/2025 9:10:00 PM,2110,False,,,True
