collision-id,injured-wit-pass-id,stated-age,gender,gender-desc,race,race-desc,is-witness-only,is-passenger-only,extent-of-injury-code,injured-person-type,seat-position,seat-position-other,air-bag-code,air-bag-description,safety-equipment-code,safety-equipment-description,ejected,is-vovc-notified,party-number,seat-position-description
4547051,5317922,36,F,FEMALE,A,ASIAN,False,False,PossibleInjury,Driver,Driver,,M,AIR BAG NOT DEPLOYED,G,OCCUPANT LAP SHOULDER HARNESS USED,NotEjected,False,2,
4547051,5317921,35,F,FEMALE,B,BLACK,False,False,PossibleInjury,Driver,Driver,,L,AIR BAG DEPLOYED,H,OCCUPANT LAP SHOULDER HARNESS NOT USED,NotEjected,False,1,
4546578,5317383,55,M,MALE,,,False,True,,,PassengerFrontRight,,M,AIR BAG NOT DEPLOYED,G,OCCUPANT LAP SHOULDER HARNESS USED,NotEjected,False,2,
4546528,5317329,38,M,MALE,A,ASIAN,False,False,PossibleInjury,Driver,Driver,,M,AIR BAG NOT DEPLOYED,G,OCCUPANT LAP SHOULDER HARNESS USED,NotEjected,False,2,
4546325,5317095,9,M,MALE,,,False,True,,,PassengerMiddleRight,,M,AIR BAG NOT DEPLOYED,G,OCCUPANT LAP SHOULDER HARNESS USED,NotEjected,False,2,
4546325,5317094,13,M,MALE,,,False,True,,,PassengerMiddleLeft,,M,AIR BAG NOT DEPLOYED,G,OCCUPANT LAP SHOULDER HARNESS USED,NotEjected,False,2,
4546153,5316893,,M,MALE,,,True,False,,,,,,,,,,False,,
4545345,5316077,40,M,MALE,,,True,False,,,,,,,,,,False,,
4545345,5316076,28,M,MALE,A,ASIAN,False,False,PossibleInjury,Driver,Driver,,M,AIR BAG NOT DEPLOYED,G,OCCUPANT LAP SHOULDER HARNESS USED,NotEjected,False,2,
4545011,5315677,43,F,FEMALE,B,BLACK,False,False,PossibleInjury,Driver,Driver,,M,AIR BAG NOT DEPLOYED,G,OCCUPANT LAP SHOULDER HARNESS USED,NotEjected,False,2,
4544381,5314966,29,F,FEMALE,,,False,True,,,PassengerFrontRight,,M,AIR BAG NOT DEPLOYED,G,OCCUPANT LAP SHOULDER HARNESS USED,NotEjected,False,2,
4544084,5314596,37,F,FEMALE,,,False,True,,,PassengerFrontRight,,M,AIR BAG NOT DEPLOYED,G,OCCUPANT LAP SHOULDER HARNESS USED,NotEjected,False,3,FRONT ROW RIGHT
4544084,5314595,8,F,FEMALE,,,False,True,,,PassengerMiddleMiddle,,M,AIR BAG NOT DEPLOYED,G,OCCUPANT LAP SHOULDER HARNESS USED,NotEjected,False,1,2ND ROW MIDDLE
4544024,5314523,42,F,FEMALE,B,BLACK,False,False,SuspectSerious,Driver,Driver,,L,AIR BAG DEPLOYED,G,OCCUPANT LAP SHOULDER HARNESS USED,NotEjected,False,1,
4543631,5314064,2,F,FEMALE,,,False,True,,,PassengerMiddleRight,,M,AIR BAG NOT DEPLOYED,Q,CHILD IN VEHICLE USED,NotEjected,False,2,
4543631,5314063,21,F,FEMALE,,,False,True,,,PassengerFrontRight,,M,AIR BAG NOT DEPLOYED,G,OCCUPANT LAP SHOULDER HARNESS USED,NotEjected,False,2,
4543595,5314028,30,F,FEMALE,A,ASIAN,False,False,SuspectMinor,Driver,Driver,,L,AIR BAG DEPLOYED,G,OCCUPANT LAP SHOULDER HARNESS USED,NotEjected,False,1,
4543593,5314024,21,F,FEMALE,,,False,True,,,PassengerFrontRight,,L,AIR BAG DEPLOYED,G,OCCUPANT LAP SHOULDER HARNESS USED,NotEjected,False,2,
4540782,5310991,37,M,MALE,,,False,True,,,Driver,,M,AIR BAG NOT DEPLOYED,G,OCCUPANT LAP SHOULDER HARNESS USED,NotEjected,False,2,FRONT ROW LEFT
4540782,5310990,27,M,MALE,,,False,True,,,PassengerFrontRight,,M,AIR BAG NOT DEPLOYED,G,OCCUPANT LAP SHOULDER HARNESS USED,NotEjected,False,1,FRONT ROW RIGHT
4540717,5310926,36,F,FEMALE,,,False,True,,,PassengerFrontRight,,M,AIR BAG NOT DEPLOYED,G,OCCUPANT LAP SHOULDER HARNESS USED,NotEjected,False,2,
4540693,5310906,,,,,,True,False,,,,,,,,,,False,,
4540330,5310485,45,M,MALE,H,HISPANIC,False,False,SuspectSerious,Driver,Driver,,L,AIR BAG DEPLOYED,G,OCCUPANT LAP SHOULDER HARNESS USED,NotEjected,False,2,
4540267,5310431,77,F,FEMALE,W,WHITE,False,False,SuspectMinor,Driver,Driver,,L,AIR BAG DEPLOYED,G,OCCUPANT LAP SHOULDER HARNESS USED,NotEjected,False,2,
4539127,5309148,43,F,FEMALE,B,BLACK,False,False,SuspectMinor,Driver,Driver,,L,AIR BAG DEPLOYED,G,OCCUPANT LAP SHOULDER HARNESS USED,NotEjected,False,1,
4539122,5309143,21,M,MALE,H,HISPANIC,False,False,SuspectMinor,Driver,Driver,,M,AIR BAG NOT DEPLOYED,G,OCCUPANT LAP SHOULDER HARNESS USED,NotEjected,False,2,
4539079,5309103,15,M,MALE,,,False,True,,,PassengerMiddleLeft,,M,AIR BAG NOT DEPLOYED,G,OCCUPANT LAP SHOULDER HARNESS USED,NotEjected,False,1,
4539079,5309102,17,M,MALE,,,False,True,,,PassengerMiddleRight,,M,AIR BAG NOT DEPLOYED,G,OCCUPANT LAP SHOULDER HARNESS USED,NotEjected,False,1,
4539079,5309101,,M,MALE,,,False,True,,,PassengerFrontRight,,M,AIR BAG NOT DEPLOYED,B,OCCUPANT UNKNOWN,NotEjected,False,1,
4538051,5307839,13,M,MALE,,,False,True,,,PassengerMiddleMiddle,,M,AIR BAG NOT DEPLOYED,G,OCCUPANT LAP SHOULDER HARNESS USED,NotEjected,False,2,
4538051,5307838,8,F,FEMALE,,,False,True,,,PassengerMiddleRight,,M,AIR BAG NOT DEPLOYED,G,OCCUPANT LAP SHOULDER HARNESS USED,NotEjected,False,2,
4538051,5307837,4,F,FEMALE,,,False,True,,,PassengerMiddleLeft,,M,AIR BAG NOT DEPLOYED,Q,CHILD IN VEHICLE USED,NotEjected,False,2,
4538051,5307836,43,F,FEMALE,,,False,True,,,PassengerFrontRight,,M,AIR BAG NOT DEPLOYED,G,OCCUPANT LAP SHOULDER HARNESS USED,NotEjected,False,2,
4537745,5307458,26,M,MALE,H,HISPANIC,False,False,PossibleInjury,Driver,Driver,,P,NOT REQUIRED,W,MOTOR BICYCLE DRIVER WITH HELMET,PartiallyEjected,False,1,
4537245,5306864,23,,,,,False,True,,,PassengerFrontRight,,M,AIR BAG NOT DEPLOYED,G,OCCUPANT LAP SHOULDER HARNESS USED,NotEjected,False,2,FRONT ROW RIGHT
4536970,5306552,45,M,MALE,,,False,True,,,PassengerFrontRight,,M,AIR BAG NOT DEPLOYED,G,OCCUPANT LAP SHOULDER HARNESS USED,NotEjected,False,2,
4536311,5305814,32,F,FEMALE,,,False,False,PossibleInjury,Passenger,PassengerFrontRight,,M,AIR BAG NOT DEPLOYED,G,OCCUPANT LAP SHOULDER HARNESS USED,NotEjected,False,2,
4536279,5305781,16,M,MALE,,,False,True,,,PassengerMiddleLeft,,M,AIR BAG NOT DEPLOYED,G,OCCUPANT LAP SHOULDER HARNESS USED,NotEjected,False,2,
4536279,5305780,49,F,FEMALE,A,ASIAN,False,False,PossibleInjury,Driver,Driver,,M,AIR BAG NOT DEPLOYED,G,OCCUPANT LAP SHOULDER HARNESS USED,NotEjected,False,2,
4536263,5305769,32,F,FEMALE,,,False,True,,,PassengerFrontRight,,M,AIR BAG NOT DEPLOYED,G,OCCUPANT LAP SHOULDER HARNESS USED,NotEjected,False,2,
4532617,5301569,33,M,MALE,B,BLACK,False,False,SuspectMinor,Driver,Driver,,L,AIR BAG DEPLOYED,G,OCCUPANT LAP SHOULDER HARNESS USED,NotEjected,False,1,
4531564,5300280,62,F,FEMALE,,,False,True,,,PassengerFrontRight,,M,AIR BAG NOT DEPLOYED,G,OCCUPANT LAP SHOULDER HARNESS USED,NotEjected,False,2,
4531564,5300279,29,F,FEMALE,,,False,True,,,PassengerMiddleRight,,P,NOT REQUIRED,G,OCCUPANT LAP SHOULDER HARNESS USED,NotEjected,False,2,
4531564,5300278,18,M,MALE,,,False,True,,,PassengerFrontRight,,P,NOT REQUIRED,G,OCCUPANT LAP SHOULDER HARNESS USED,NotEjected,False,1,
4531564,5300277,42,F,FEMALE,B,BLACK,False,False,SuspectMinor,Driver,Driver,,M,AIR BAG NOT DEPLOYED,G,OCCUPANT LAP SHOULDER HARNESS USED,NotEjected,False,2,
4531558,5300268,26,F,FEMALE,B,BLACK,False,False,SuspectMinor,Driver,Driver,,L,AIR BAG DEPLOYED,G,OCCUPANT LAP SHOULDER HARNESS USED,NotEjected,False,1,
4531176,5299855,33,F,FEMALE,B,BLACK,False,False,SuspectMinor,Driver,Driver,,L,AIR BAG DEPLOYED,G,OCCUPANT LAP SHOULDER HARNESS USED,NotEjected,False,3,
4563016,5336104,26,M,MALE,H,HISPANIC,False,False,PossibleInjury,Driver,Driver,,M,AIR BAG NOT DEPLOYED,G,OCCUPANT LAP SHOULDER HARNESS USED,NotEjected,False,1,
4563015,5336103,33,M,MALE,,,False,True,,,PassengerFrontRight,,M,AIR BAG NOT DEPLOYED,G,OCCUPANT LAP SHOULDER HARNESS USED,NotEjected,False,2,
4563015,5336102,45,M,MALE,H,HISPANIC,False,False,PossibleInjury,Pedestrian,Other,,,,P,NOT REQUIRED,NotEjected,False,4,
4563015,5336101,45,M,MALE,,,False,False,PossibleInjury,Pedestrian,Other,,P,NOT REQUIRED,P,NOT REQUIRED,NotEjected,False,3,
4563005,5336095,30,M,MALE,B,BLACK,False,False,SuspectMinor,Driver,Driver,,L,AIR BAG DEPLOYED,G,OCCUPANT LAP SHOULDER HARNESS USED,NotEjected,False,1,
4563004,5336094,22,F,FEMALE,H,HISPANIC,False,False,SuspectMinor,Driver,Driver,,L,AIR BAG DEPLOYED,G,OCCUPANT LAP SHOULDER HARNESS USED,NotEjected,False,2,
4563003,5336093,22,F,FEMALE,,,True,False,,,,,,,,,,False,,
4563003,5336092,35,M,MALE,O,OTHER,False,False,PossibleInjury,Driver,Driver,,L,AIR BAG DEPLOYED,G,OCCUPANT LAP SHOULDER HARNESS USED,NotEjected,False,2,
4562990,5336077,31,F,FEMALE,,,False,False,PossibleInjury,Passenger,PassengerFrontRight,,M,AIR BAG NOT DEPLOYED,G,OCCUPANT LAP SHOULDER HARNESS USED,NotEjected,False,2,
4562980,5336071,,M,MALE,,,True,False,,,,,,,,,,False,,
4562980,5336070,17,M,MALE,O,OTHER,False,False,PossibleInjury,Driver,Driver,,L,AIR BAG DEPLOYED,G,OCCUPANT LAP SHOULDER HARNESS USED,NotEjected,False,1,
4562979,5336069,15,M,MALE,,,False,True,,,PassengerMiddleMiddle,,M,AIR BAG NOT DEPLOYED,Q,CHILD IN VEHICLE USED,NotEjected,False,1,
4562979,5336068,21,F,FEMALE,,,False,True,,,PassengerFrontRight,,M,AIR BAG NOT DEPLOYED,G,OCCUPANT LAP SHOULDER HARNESS USED,NotEjected,False,1,
4562976,5336065,,F,FEMALE,,,False,True,,,PassengerMiddleLeft,,M,AIR BAG NOT DEPLOYED,G,OCCUPANT LAP SHOULDER HARNESS USED,NotEjected,False,1,2ND ROW LEFT
4562976,5336064,,M,MALE,,,False,True,,,PassengerFrontRight,,M,AIR BAG NOT DEPLOYED,G,OCCUPANT LAP SHOULDER HARNESS USED,NotEjected,False,1,FRONT ROW RIGHT
4562976,5336063,37,F,FEMALE,W,WHITE,False,False,PossibleInjury,Driver,Driver,,L,AIR BAG DEPLOYED,G,OCCUPANT LAP SHOULDER HARNESS USED,NotEjected,False,2,Driver
4562946,5336031,24,M,MALE,H,HISPANIC,False,False,PossibleInjury,Driver,Driver,,M,AIR BAG NOT DEPLOYED,G,OCCUPANT LAP SHOULDER HARNESS USED,NotEjected,False,2,
4562943,5336027,26,F,FEMALE,,,False,True,,,PassengerMiddleRight,,M,AIR BAG NOT DEPLOYED,G,OCCUPANT LAP SHOULDER HARNESS USED,NotEjected,False,2,
4562927,5336007,30,F,FEMALE,H,HISPANIC,False,False,PossibleInjury,Driver,Driver,,M,AIR BAG NOT DEPLOYED,G,OCCUPANT LAP SHOULDER HARNESS USED,NotEjected,False,1,
4562856,5335934,13,M,MALE,,,False,True,,,PassengerMiddleRight,,M,AIR BAG NOT DEPLOYED,G,OCCUPANT LAP SHOULDER HARNESS USED,NotEjected,False,2,
4562856,5335933,,M,MALE,,,False,True,,,PassengerMiddleMiddle,,P,NOT REQUIRED,Q,CHILD IN VEHICLE USED,NotEjected,False,2,
4562764,5335820,37,M,MALE,W,WHITE,False,False,PossibleInjury,Driver,Driver,,L,AIR BAG DEPLOYED,G,OCCUPANT LAP SHOULDER HARNESS USED,NotEjected,True,1,
4562746,5335801,19,M,MALE,,,False,True,,,PassengerFrontRight,,M,AIR BAG NOT DEPLOYED,G,OCCUPANT LAP SHOULDER HARNESS USED,NotEjected,False,1,
4562294,5335241,32,M,MALE,,,True,False,,,,,,,,,,False,,
4562294,5335240,58,M,MALE,,,False,True,,,PassengerFrontRight,,M,AIR BAG NOT DEPLOYED,G,OCCUPANT LAP SHOULDER HARNESS USED,NotEjected,False,1,
4562016,5334899,30,F,FEMALE,,,False,True,,,PassengerFrontRight,,M,AIR BAG NOT DEPLOYED,G,OCCUPANT LAP SHOULDER HARNESS USED,NotEjected,False,2,
4562013,5334895,19,M,MALE,O,OTHER,False,False,PossibleInjury,Driver,Driver,,L,AIR BAG DEPLOYED,G,OCCUPANT LAP SHOULDER HARNESS USED,NotEjected,False,1,
4557931,5329829,55,F,FEMALE,B,BLACK,False,False,PossibleInjury,Driver,Driver,,M,AIR BAG NOT DEPLOYED,G,OCCUPANT LAP SHOULDER HARNESS USED,NotEjected,False,2,
4557862,5329744,30,F,FEMALE,,,False,True,,,Driver,,M,AIR BAG NOT DEPLOYED,G,OCCUPANT LAP SHOULDER HARNESS USED,NotEjected,False,2,
4557479,5329303,35,M,MALE,,,,,ComplaintOfPainInactive,Driver,Driver,,M,AIR BAG NOT DEPLOYED,A,OCCUPANT NONE IN VEHICLE,NotEjected,,2,
4557380,5329185,55,M,MALE,,,False,True,,,PassengerFrontRight,,M,AIR BAG NOT DEPLOYED,G,OCCUPANT LAP SHOULDER HARNESS USED,NotEjected,False,2,
4557380,5329184,36,F,FEMALE,,,False,True,,,PassengerMiddleLeft,,P,NOT REQUIRED,G,OCCUPANT LAP SHOULDER HARNESS USED,NotEjected,False,1,
4557380,5329183,32,F,FEMALE,,,False,True,,,PassengerFrontRight,,M,AIR BAG NOT DEPLOYED,G,OCCUPANT LAP SHOULDER HARNESS USED,NotEjected,False,1,
4557262,5329055,14,M,MALE,,,False,True,,,PassengerFrontRight,,M,AIR BAG NOT DEPLOYED,G,OCCUPANT LAP SHOULDER HARNESS USED,NotEjected,False,1,
4556379,5328125,,F,FEMALE,,,False,True,,,PassengerFrontRight,,M,AIR BAG NOT DEPLOYED,G,OCCUPANT LAP SHOULDER HARNESS USED,NotEjected,False,2,
4556305,5328047,24,M,MALE,,,True,False,,,,,,,,,,False,,
4556305,5328046,24,M,MALE,,,True,False,,,,,,,,,,False,,
4556305,5328045,,M,MALE,,,False,True,,,Unknown,,M,AIR BAG NOT DEPLOYED,B,OCCUPANT UNKNOWN,NotEjected,False,1,
4556305,5328044,,M,MALE,,,False,True,,,Unknown,,M,AIR BAG NOT DEPLOYED,B,OCCUPANT UNKNOWN,NotEjected,False,1,
4556305,5328043,21,M,MALE,,,False,True,,,PassengerMiddleLeft,,M,AIR BAG NOT DEPLOYED,G,OCCUPANT LAP SHOULDER HARNESS USED,NotEjected,False,1,
4555663,5327297,73,F,FEMALE,,,False,True,,,PassengerFrontRight,,M,AIR BAG NOT DEPLOYED,G,OCCUPANT LAP SHOULDER HARNESS USED,NotEjected,False,1,
4555545,5327163,61,F,FEMALE,,,False,True,,,PassengerFrontRight,,M,AIR BAG NOT DEPLOYED,G,OCCUPANT LAP SHOULDER HARNESS USED,NotEjected,False,1,
4555359,5326955,29,M,MALE,B,BLACK,False,False,SuspectSerious,Driver,Driver,,L,AIR BAG DEPLOYED,G,OCCUPANT LAP SHOULDER HARNESS USED,NotEjected,False,1,
4555331,5326930,26,F,FEMALE,,,False,True,,,PassengerFrontRight,,L,AIR BAG DEPLOYED,G,OCCUPANT LAP SHOULDER HARNESS USED,NotEjected,False,1,
4555331,5326929,26,F,FEMALE,,,False,False,PossibleInjury,Passenger,PassengerFrontRight,,L,AIR BAG DEPLOYED,G,OCCUPANT LAP SHOULDER HARNESS USED,NotEjected,False,1,
4555331,5326928,65,F,FEMALE,H,HISPANIC,False,False,PossibleInjury,Driver,Driver,,M,AIR BAG NOT DEPLOYED,G,OCCUPANT LAP SHOULDER HARNESS USED,NotEjected,False,2,
4555331,5326927,59,F,FEMALE,H,HISPANIC,False,False,PossibleInjury,Driver,Driver,,L,AIR BAG DEPLOYED,G,OCCUPANT LAP SHOULDER HARNESS USED,NotEjected,False,1,
4554846,5326416,31,M,MALE,W,WHITE,False,False,SuspectSerious,Driver,Driver,,P,NOT REQUIRED,W,MOTOR BICYCLE DRIVER WITH HELMET,FullyEjected,False,1,
4554797,5326380,36,F,FEMALE,,,False,True,,,PassengerMiddleRight,,M,AIR BAG NOT DEPLOYED,G,OCCUPANT LAP SHOULDER HARNESS USED,NotEjected,False,2,
4554658,5326251,,,,,,,,ComplaintOfPainInactive,Driver,Driver,,L,AIR BAG DEPLOYED,G,OCCUPANT LAP SHOULDER HARNESS USED,NotEjected,,1,
4554644,5326239,,F,FEMALE,,,,,ComplaintOfPainInactive,Driver,Driver,,M,AIR BAG NOT DEPLOYED,G,OCCUPANT LAP SHOULDER HARNESS USED,NotEjected,,2,
4554600,5326199,,,,,,,,ComplaintOfPainInactive,Driver,Driver,,L,AIR BAG DEPLOYED,G,OCCUPANT LAP SHOULDER HARNESS USED,NotEjected,,1,
4554600,5326198,,,,,,,,OtherVisibleInactive,Driver,Driver,,L,AIR BAG DEPLOYED,G,OCCUPANT LAP SHOULDER HARNESS USED,NotEjected,,2,
4554590,5326187,,M,MALE,,,,,ComplaintOfPainInactive,Driver,Driver,,M,AIR BAG NOT DEPLOYED,G,OCCUPANT LAP SHOULDER HARNESS USED,NotEjected,,2,
4554589,5326184,44,M,MALE,,,,,ComplaintOfPainInactive,Driver,Driver,,L,AIR BAG DEPLOYED,G,OCCUPANT LAP SHOULDER HARNESS USED,NotEjected,,2,
4554582,5326178,43,M,MALE,,,,,ComplaintOfPainInactive,Driver,Driver,,M,AIR BAG NOT DEPLOYED,G,OCCUPANT LAP SHOULDER HARNESS USED,NotEjected,,2,
4554577,5326171,24,M,MALE,,,,,ComplaintOfPainInactive,Driver,Driver,,M,AIR BAG NOT DEPLOYED,G,OCCUPANT LAP SHOULDER HARNESS USED,NotEjected,,1,
4554517,5326119,15,F,FEMALE,,,,,,Passenger,PassengerMiddleLeft,,M,AIR BAG NOT DEPLOYED,G,OCCUPANT LAP SHOULDER HARNESS USED,NotEjected,,2,
4554517,5326118,27,F,FEMALE,,,,,,Passenger,PassengerFrontRight,,M,AIR BAG NOT DEPLOYED,G,OCCUPANT LAP SHOULDER HARNESS USED,NotEjected,,1,
4554503,5326104,0,M,MALE,,,,,,Passenger,PassengerRearRight,,M,AIR BAG NOT DEPLOYED,G,OCCUPANT LAP SHOULDER HARNESS USED,NotEjected,,2,
4554503,5326103,31,M,MALE,,,,,,Passenger,PassengerFrontRight,,M,AIR BAG NOT DEPLOYED,G,OCCUPANT LAP SHOULDER HARNESS USED,NotEjected,,2,
4554475,5326075,8,F,FEMALE,,,,,,Passenger,PassengerMiddleRight,,M,AIR BAG NOT DEPLOYED,G,OCCUPANT LAP SHOULDER HARNESS USED,NotEjected,,2,
4554475,5326074,9,M,MALE,,,,,,Passenger,PassengerMiddleLeft,,M,AIR BAG NOT DEPLOYED,G,OCCUPANT LAP SHOULDER HARNESS USED,NotEjected,,2,
4554475,5326073,10,M,MALE,,,,,,Passenger,PassengerFrontRight,,M,AIR BAG NOT DEPLOYED,G,OCCUPANT LAP SHOULDER HARNESS USED,NotEjected,,2,
4553639,5325108,48,F,FEMALE,A,ASIAN,False,False,SuspectMinor,Driver,Driver,,L,AIR BAG DEPLOYED,G,OCCUPANT LAP SHOULDER HARNESS USED,NotEjected,False,2,
4553639,5325107,66,M,MALE,W,WHITE,False,False,SuspectMinor,Driver,Driver,,M,AIR BAG NOT DEPLOYED,G,OCCUPANT LAP SHOULDER HARNESS USED,NotEjected,False,1,
4552457,5323824,22,F,FEMALE,,,False,True,,,PassengerMiddleRight,,M,AIR BAG NOT DEPLOYED,G,OCCUPANT LAP SHOULDER HARNESS USED,NotEjected,False,1,
4552457,5323823,24,F,FEMALE,,,False,True,,,PassengerFrontRight,,M,AIR BAG NOT DEPLOYED,G,OCCUPANT LAP SHOULDER HARNESS USED,NotEjected,False,1,
4551593,5322866,13,F,FEMALE,,,False,True,,,PassengerMiddleRight,,M,AIR BAG NOT DEPLOYED,G,OCCUPANT LAP SHOULDER HARNESS USED,NotEjected,False,1,
4551372,5322600,,M,MALE,,,True,False,,,,,,,,,,False,,
4551372,5322599,29,M,MALE,B,BLACK,False,False,SuspectMinor,Driver,Driver,,L,AIR BAG DEPLOYED,H,OCCUPANT LAP SHOULDER HARNESS NOT USED,NotEjected,False,1,
4548336,5319330,23,,,,,False,True,,,PassengerFrontRight,,M,AIR BAG NOT DEPLOYED,G,OCCUPANT LAP SHOULDER HARNESS USED,NotEjected,False,2,FRONT ROW RIGHT
4548336,5319329,28,F,FEMALE,,,False,False,SuspectMinor,Passenger,PassengerFrontRight,,M,AIR BAG NOT DEPLOYED,G,OCCUPANT LAP SHOULDER HARNESS USED,NotEjected,False,1,FRONT ROW RIGHT
4548023,5319054,84,M,MALE,,,False,True,,,PassengerMiddleRight,,L,AIR BAG DEPLOYED,G,OCCUPANT LAP SHOULDER HARNESS USED,NotEjected,False,2,
4547802,5318851,65,M,MALE,,,False,True,,,PassengerFrontRight,,M,AIR BAG NOT DEPLOYED,G,OCCUPANT LAP SHOULDER HARNESS USED,NotEjected,False,1,
4547783,5318831,28,F,FEMALE,,,False,True,,,PassengerFrontRight,,M,AIR BAG NOT DEPLOYED,G,OCCUPANT LAP SHOULDER HARNESS USED,NotEjected,False,2,
4547519,5318542,22,M,MALE,,,False,True,,,PassengerFrontRight,,L,AIR BAG DEPLOYED,G,OCCUPANT LAP SHOULDER HARNESS USED,NotEjected,False,1,
4547519,5318541,30,M,MALE,B,BLACK,False,False,PossibleInjury,Driver,Driver,,L,AIR BAG DEPLOYED,G,OCCUPANT LAP SHOULDER HARNESS USED,NotEjected,False,1,
4547160,5318082,26,F,FEMALE,,,False,True,,,PassengerFrontRight,,M,AIR BAG NOT DEPLOYED,G,OCCUPANT LAP SHOULDER HARNESS USED,NotEjected,False,1,
4578046,5351770,21,F,FEMALE,,,True,False,,,,,,,,,,False,,
4578046,5351769,43,,,,,False,False,PossibleInjury,Passenger,PassengerFrontRight,,L,AIR BAG DEPLOYED,G,OCCUPANT LAP SHOULDER HARNESS USED,NotEjected,False,1,
4578046,5351768,37,M,MALE,H,HISPANIC,False,False,PossibleInjury,Driver,Driver,,L,AIR BAG DEPLOYED,G,OCCUPANT LAP SHOULDER HARNESS USED,NotEjected,False,1,
4577683,5351351,,M,MALE,,,True,False,,,,,,,,,,False,,
4577683,5351350,,M,MALE,,,True,False,,,,,,,,,,False,,
4577683,5351349,28,M,MALE,,,False,True,,,PassengerFrontRight,,M,AIR BAG NOT DEPLOYED,G,OCCUPANT LAP SHOULDER HARNESS USED,NotEjected,False,1,
4577327,5351074,26,F,FEMALE,A,ASIAN,False,False,SuspectMinor,Driver,Driver,,L,AIR BAG DEPLOYED,G,OCCUPANT LAP SHOULDER HARNESS USED,NotEjected,False,2,
4577109,5350809,26,F,FEMALE,,,False,False,PossibleInjury,Passenger,PassengerFrontRight,,L,AIR BAG DEPLOYED,G,OCCUPANT LAP SHOULDER HARNESS USED,NotEjected,False,2,
4577013,5350684,33,M,MALE,,,False,True,,,PassengerFrontRight,,L,AIR BAG DEPLOYED,F,OCCUPANT SHOULDER HARNESS NOT USED,NotEjected,False,3,
4577013,5350683,36,M,MALE,,,False,True,,,PassengerMiddleRight,,L,AIR BAG DEPLOYED,G,OCCUPANT LAP SHOULDER HARNESS USED,NotEjected,False,2,
4577013,5350682,33,M,MALE,,,False,True,,,PassengerFrontRight,,L,AIR BAG DEPLOYED,F,OCCUPANT SHOULDER HARNESS NOT USED,NotEjected,False,2,
4577013,5350681,20,F,FEMALE,,,False,False,PossibleInjury,Passenger,PassengerFrontRight,,L,AIR BAG DEPLOYED,G,OCCUPANT LAP SHOULDER HARNESS USED,NotEjected,False,2,
4577013,5350680,22,F,FEMALE,W,WHITE,False,False,PossibleInjury,Driver,Driver,,L,AIR BAG DEPLOYED,G,OCCUPANT LAP SHOULDER HARNESS USED,NotEjected,False,2,
4576887,5350532,25,M,MALE,,,,,ComplaintOfPainInactive,Driver,Driver,,L,AIR BAG DEPLOYED,G,OCCUPANT LAP SHOULDER HARNESS USED,NotEjected,,1,
4576887,5350531,40,M,MALE,,,,,OtherVisibleInactive,Driver,Driver,,L,AIR BAG DEPLOYED,G,OCCUPANT LAP SHOULDER HARNESS USED,NotEjected,,2,
4576878,5350520,64,M,MALE,,,,,ComplaintOfPainInactive,Passenger,PassengerMiddleRight,,L,AIR BAG DEPLOYED,G,OCCUPANT LAP SHOULDER HARNESS USED,NotEjected,,1,
4576869,5350514,53,M,MALE,,,,,ComplaintOfPainInactive,Pedestrian,,,P,NOT REQUIRED,B,OCCUPANT UNKNOWN,NotEjected,,2,
4575424,5349021,50,F,FEMALE,A,ASIAN,False,False,PossibleInjury,Driver,Driver,,M,AIR BAG NOT DEPLOYED,G,OCCUPANT LAP SHOULDER HARNESS USED,NotEjected,False,3,
4575176,5348756,64,F,FEMALE,,,False,False,PossibleInjury,Passenger,PassengerFrontRight,,M,AIR BAG NOT DEPLOYED,G,OCCUPANT LAP SHOULDER HARNESS USED,NotEjected,False,2,
4575172,5348755,44,M,MALE,B,BLACK,False,False,PossibleInjury,Driver,Driver,,L,AIR BAG DEPLOYED,G,OCCUPANT LAP SHOULDER HARNESS USED,NotEjected,False,2,
4575156,5348739,33,F,FEMALE,,,,,ComplaintOfPainInactive,Driver,Driver,,L,AIR BAG DEPLOYED,G,OCCUPANT LAP SHOULDER HARNESS USED,NotEjected,,1,
4575131,5348698,,,,,,,,ComplaintOfPainInactive,Driver,Driver,,M,AIR BAG NOT DEPLOYED,G,OCCUPANT LAP SHOULDER HARNESS USED,NotEjected,,2,
4575119,5348683,27,M,MALE,,,,,ComplaintOfPainInactive,Driver,Driver,,M,AIR BAG NOT DEPLOYED,G,OCCUPANT LAP SHOULDER HARNESS USED,NotEjected,,2,
4575119,5348682,35,F,FEMALE,,,,,ComplaintOfPainInactive,Passenger,PassengerMiddleRight,,M,AIR BAG NOT DEPLOYED,G,OCCUPANT LAP SHOULDER HARNESS USED,NotEjected,,2,
4575099,5348663,67,F,FEMALE,,,,,ComplaintOfPainInactive,Driver,Driver,,L,AIR BAG DEPLOYED,G,OCCUPANT LAP SHOULDER HARNESS USED,NotEjected,,2,
4575099,5348662,33,M,MALE,,,,,ComplaintOfPainInactive,Driver,Driver,,L,AIR BAG DEPLOYED,G,OCCUPANT LAP SHOULDER HARNESS USED,NotEjected,,1,
4575092,5348648,56,F,FEMALE,,,,,ComplaintOfPainInactive,Driver,,,L,AIR BAG DEPLOYED,G,OCCUPANT LAP SHOULDER HARNESS USED,NotEjected,,2,
4575092,5348647,31,M,MALE,,,,,ComplaintOfPainInactive,Driver,,,L,AIR BAG DEPLOYED,G,OCCUPANT LAP SHOULDER HARNESS USED,NotEjected,,1,
4575088,5348644,51,F,FEMALE,,,,,OtherVisibleInactive,Bicyclist,,,P,NOT REQUIRED,V,MOTOR BICYCLE DRIVER NO HELMET,NotEjected,,2,
4575085,5348642,26,M,MALE,,,,,ComplaintOfPainInactive,Driver,Driver,,L,AIR BAG DEPLOYED,C,OCCUPANT LAP BELT USED,NotEjected,,1,
4575069,5348625,,,,,,True,False,,,,,,,,,,False,,
4575069,5348624,17,M,MALE,B,BLACK,False,False,SuspectSerious,Driver,Driver,,L,AIR BAG DEPLOYED,H,OCCUPANT LAP SHOULDER HARNESS NOT USED,NotEjected,False,1,
4574551,5348167,54,M,MALE,,,False,True,,,PassengerFrontRight,,M,AIR BAG NOT DEPLOYED,G,OCCUPANT LAP SHOULDER HARNESS USED,NotEjected,False,2,
4574551,5348166,24,M,MALE,,,False,True,,,PassengerFrontMiddle,,M,AIR BAG NOT DEPLOYED,G,OCCUPANT LAP SHOULDER HARNESS USED,NotEjected,False,2,
4574535,5348142,62,F,FEMALE,,,False,True,,,PassengerFrontRight,,L,AIR BAG DEPLOYED,G,OCCUPANT LAP SHOULDER HARNESS USED,NotEjected,False,2,
4574535,5348141,67,F,FEMALE,,,False,False,SuspectSerious,Passenger,PassengerFrontRight,,L,AIR BAG DEPLOYED,G,OCCUPANT LAP SHOULDER HARNESS USED,NotEjected,False,1,
4574218,5347812,88,M,MALE,,,False,True,,,PassengerFrontRight,,M,AIR BAG NOT DEPLOYED,G,OCCUPANT LAP SHOULDER HARNESS USED,NotEjected,False,2,
4574218,5347811,4,M,MALE,,,False,True,,,PassengerMiddleRight,,M,AIR BAG NOT DEPLOYED,Q,CHILD IN VEHICLE USED,NotEjected,False,1,
4574218,5347810,9,F,FEMALE,,,False,True,,,PassengerMiddleLeft,,M,AIR BAG NOT DEPLOYED,G,OCCUPANT LAP SHOULDER HARNESS USED,NotEjected,False,1,
4574218,5347809,26,F,FEMALE,,,False,True,,,PassengerFrontRight,,M,AIR BAG NOT DEPLOYED,G,OCCUPANT LAP SHOULDER HARNESS USED,NotEjected,False,1,
4574211,5347804,48,M,MALE,,,False,True,,,PassengerFrontRight,,M,AIR BAG NOT DEPLOYED,G,OCCUPANT LAP SHOULDER HARNESS USED,NotEjected,False,2,
4574124,5347722,38,M,MALE,,,,,ComplaintOfPainInactive,Driver,Driver,,L,AIR BAG DEPLOYED,G,OCCUPANT LAP SHOULDER HARNESS USED,NotEjected,,1,
4573998,5347611,22,F,FEMALE,,,False,True,,,PassengerFrontMiddle,,M,AIR BAG NOT DEPLOYED,G,OCCUPANT LAP SHOULDER HARNESS USED,NotEjected,False,2,
4573998,5347610,20,M,MALE,,,False,True,,,PassengerFrontRight,,M,AIR BAG NOT DEPLOYED,G,OCCUPANT LAP SHOULDER HARNESS USED,NotEjected,False,2,
4573998,5347609,61,F,FEMALE,,,False,True,,,PassengerMiddleLeft,,M,AIR BAG NOT DEPLOYED,G,OCCUPANT LAP SHOULDER HARNESS USED,NotEjected,False,1,
4573998,5347608,49,F,FEMALE,,,False,True,,,PassengerMiddleRight,,M,AIR BAG NOT DEPLOYED,G,OCCUPANT LAP SHOULDER HARNESS USED,NotEjected,False,1,
4573802,5347373,32,F,FEMALE,B,BLACK,False,False,PossibleInjury,Driver,Driver,,M,AIR BAG NOT DEPLOYED,G,OCCUPANT LAP SHOULDER HARNESS USED,NotEjected,False,2,
4573670,5347240,,,,,,,,OtherVisibleInactive,Pedestrian,,,P,NOT REQUIRED,B,OCCUPANT UNKNOWN,NotEjected,,2,
4573656,5347224,66,F,FEMALE,,,,,,Passenger,PassengerFrontMiddle,,L,AIR BAG DEPLOYED,G,OCCUPANT LAP SHOULDER HARNESS USED,NotEjected,,2,
4573620,5347189,33,M,MALE,,,,,,Passenger,PassengerFrontMiddle,,M,AIR BAG NOT DEPLOYED,G,OCCUPANT LAP SHOULDER HARNESS USED,NotEjected,,1,
4573550,5347120,10,M,MALE,,,,,,Passenger,PassengerRearLeft,,M,AIR BAG NOT DEPLOYED,G,OCCUPANT LAP SHOULDER HARNESS USED,NotEjected,,2,
4573550,5347119,6,M,MALE,,,,,,Passenger,PassengerRearLeft,,M,AIR BAG NOT DEPLOYED,G,OCCUPANT LAP SHOULDER HARNESS USED,NotEjected,,2,
4573550,5347118,13,F,FEMALE,,,,,,Passenger,PassengerRearLeft,,M,AIR BAG NOT DEPLOYED,G,OCCUPANT LAP SHOULDER HARNESS USED,NotEjected,,2,
4573550,5347117,33,F,FEMALE,,,,,,Passenger,PassengerFrontMiddle,,M,AIR BAG NOT DEPLOYED,G,OCCUPANT LAP SHOULDER HARNESS USED,NotEjected,,2,
4573494,5347068,22,M,MALE,H,HISPANIC,False,False,SuspectMinor,Driver,Driver,,L,AIR BAG DEPLOYED,G,OCCUPANT LAP SHOULDER HARNESS USED,NotEjected,False,1,
4573324,5346882,25,F,FEMALE,B,BLACK,False,False,PossibleInjury,Driver,Driver,,M,AIR BAG NOT DEPLOYED,G,OCCUPANT LAP SHOULDER HARNESS USED,NotEjected,False,2,
4572851,5346412,13,M,MALE,,,False,True,,,PassengerMiddleLeft,,M,AIR BAG NOT DEPLOYED,G,OCCUPANT LAP SHOULDER HARNESS USED,NotEjected,False,2,
4572851,5346411,37,F,FEMALE,,,False,True,,,PassengerFrontRight,,M,AIR BAG NOT DEPLOYED,G,OCCUPANT LAP SHOULDER HARNESS USED,NotEjected,False,2,
4572851,5346410,8,,,,,False,False,SuspectMinor,Passenger,PassengerMiddleRight,,M,AIR BAG NOT DEPLOYED,G,OCCUPANT LAP SHOULDER HARNESS USED,NotEjected,False,2,
4572598,5346115,58,M,MALE,H,HISPANIC,False,False,PossibleInjury,Driver,Driver,,M,AIR BAG NOT DEPLOYED,G,OCCUPANT LAP SHOULDER HARNESS USED,NotEjected,False,2,
4572359,5345839,39,F,FEMALE,,,True,False,,,,,,,,,,False,,
4571316,5344662,43,M,MALE,H,HISPANIC,False,False,PossibleInjury,Driver,Driver,,L,AIR BAG DEPLOYED,G,OCCUPANT LAP SHOULDER HARNESS USED,NotEjected,False,1,
4571288,5344625,46,M,MALE,B,BLACK,False,False,PossibleInjury,Driver,Driver,,M,AIR BAG NOT DEPLOYED,G,OCCUPANT LAP SHOULDER HARNESS USED,NotEjected,False,2,
4570290,5343726,39,M,MALE,,,False,True,,,PassengerFrontRight,,M,AIR BAG NOT DEPLOYED,G,OCCUPANT LAP SHOULDER HARNESS USED,NotEjected,False,1,
4570290,5343725,23,M,MALE,,,False,True,,,PassengerFrontMiddle,,M,AIR BAG NOT DEPLOYED,G,OCCUPANT LAP SHOULDER HARNESS USED,NotEjected,False,1,
4570206,5343617,44,F,FEMALE,A,ASIAN,False,False,SuspectMinor,Driver,Driver,,L,AIR BAG DEPLOYED,G,OCCUPANT LAP SHOULDER HARNESS USED,NotEjected,False,1,
4569781,5343142,35,F,FEMALE,,,False,True,,,PassengerFrontRight,,M,AIR BAG NOT DEPLOYED,G,OCCUPANT LAP SHOULDER HARNESS USED,NotEjected,False,5,
4569781,5343141,14,F,FEMALE,,,False,True,,,PassengerFrontRight,,M,AIR BAG NOT DEPLOYED,G,OCCUPANT LAP SHOULDER HARNESS USED,NotEjected,False,3,
4569781,5343140,30,F,FEMALE,,,False,False,PossibleInjury,Passenger,PassengerFrontRight,,M,AIR BAG NOT DEPLOYED,G,OCCUPANT LAP SHOULDER HARNESS USED,NotEjected,False,4,
4568114,5341527,,,,,,,,ComplaintOfPainInactive,Other,,,P,NOT REQUIRED,,,NotEjected,,2,
4568109,5341522,,,,,,,,ComplaintOfPainInactive,Driver,Driver,,M,AIR BAG NOT DEPLOYED,G,OCCUPANT LAP SHOULDER HARNESS USED,NotEjected,,1,
4568109,5341521,16,F,FEMALE,,,,,ComplaintOfPainInactive,Passenger,PassengerFrontRight,,L,AIR BAG DEPLOYED,G,OCCUPANT LAP SHOULDER HARNESS USED,NotEjected,,2,
4568109,5341520,,,,,,,,OtherVisibleInactive,Driver,Driver,,L,AIR BAG DEPLOYED,G,OCCUPANT LAP SHOULDER HARNESS USED,NotEjected,,2,
4568102,5341515,17,M,MALE,,,,,,Passenger,PassengerFrontRight,,M,AIR BAG NOT DEPLOYED,G,OCCUPANT LAP SHOULDER HARNESS USED,NotEjected,,1,
4567960,5341417,58,M,MALE,,,,,,Passenger,PassengerFrontRight,,L,AIR BAG DEPLOYED,C,OCCUPANT LAP BELT USED,NotEjected,,2,
4567412,5340860,55,F,FEMALE,B,BLACK,False,False,SuspectMinor,Driver,Driver,,L,AIR BAG DEPLOYED,G,OCCUPANT LAP SHOULDER HARNESS USED,NotEjected,False,1,
4567242,5340662,21,M,MALE,B,BLACK,False,False,PossibleInjury,Driver,Driver,,L,AIR BAG DEPLOYED,G,OCCUPANT LAP SHOULDER HARNESS USED,NotEjected,False,1,
4567227,5340651,34,F,FEMALE,B,BLACK,False,False,PossibleInjury,Driver,Driver,,L,AIR BAG DEPLOYED,G,OCCUPANT LAP SHOULDER HARNESS USED,NotEjected,False,1,
4567227,5340650,26,F,FEMALE,,,False,False,SuspectMinor,Passenger,PassengerMiddleRight,,L,AIR BAG DEPLOYED,H,OCCUPANT LAP SHOULDER HARNESS NOT USED,PartiallyEjected,False,1,
4566689,5340146,,,,,,True,False,,,,,,,,,,False,,
4566689,5340145,20,M,MALE,H,HISPANIC,False,False,PossibleInjury,Driver,Driver,,L,AIR BAG DEPLOYED,G,OCCUPANT LAP SHOULDER HARNESS USED,NotEjected,False,3,
4565900,5339253,18,M,MALE,,,True,False,,,,,,,,,,False,,
4565404,5338760,43,M,MALE,H,HISPANIC,False,False,SuspectMinor,Driver,Driver,,M,AIR BAG NOT DEPLOYED,G,OCCUPANT LAP SHOULDER HARNESS USED,NotEjected,False,1,Driver
4565380,5338736,,M,MALE,,,False,True,,,PassengerFrontRight,,M,AIR BAG NOT DEPLOYED,G,OCCUPANT LAP SHOULDER HARNESS USED,NotEjected,False,2,
4565364,5338721,22,M,MALE,,,False,True,,,PassengerFrontRight,,L,AIR BAG DEPLOYED,G,OCCUPANT LAP SHOULDER HARNESS USED,NotEjected,False,1,
4589804,5362958,24,F,FEMALE,,,False,True,,,PassengerFrontRight,,M,AIR BAG NOT DEPLOYED,G,OCCUPANT LAP SHOULDER HARNESS USED,NotEjected,False,1,
4589795,5362954,58,M,MALE,B,BLACK,False,False,PossibleInjury,Driver,Driver,,L,AIR BAG DEPLOYED,G,OCCUPANT LAP SHOULDER HARNESS USED,NotEjected,False,2,
4589795,5362953,35,F,FEMALE,,,False,False,SuspectMinor,Passenger,PassengerFrontRight,,L,AIR BAG DEPLOYED,G,OCCUPANT LAP SHOULDER HARNESS USED,NotEjected,False,2,
4589449,5362582,20,M,MALE,,,False,True,,,PassengerFrontRight,,M,AIR BAG NOT DEPLOYED,G,OCCUPANT LAP SHOULDER HARNESS USED,NotEjected,False,2,
4589371,5362458,50,F,FEMALE,B,BLACK,False,False,SuspectMinor,Driver,Driver,,M,AIR BAG NOT DEPLOYED,G,OCCUPANT LAP SHOULDER HARNESS USED,NotEjected,False,1,
4588411,5361550,39,F,FEMALE,W,WHITE,False,False,PossibleInjury,Driver,Driver,,M,AIR BAG NOT DEPLOYED,G,OCCUPANT LAP SHOULDER HARNESS USED,NotEjected,False,1,
4588411,5361549,29,F,FEMALE,H,HISPANIC,False,False,PossibleInjury,Driver,Driver,,M,AIR BAG NOT DEPLOYED,G,OCCUPANT LAP SHOULDER HARNESS USED,NotEjected,False,2,
4587636,5360726,,M,MALE,,,False,True,,,Unknown,,B,UNKNOWN,B,OCCUPANT UNKNOWN,Unknown,False,1,
4587636,5360725,,F,FEMALE,,,False,True,,,Unknown,,B,UNKNOWN,B,OCCUPANT UNKNOWN,Unknown,False,1,
4586596,5360001,17,M,MALE,,,False,True,,,PassengerFrontRight,,M,AIR BAG NOT DEPLOYED,G,OCCUPANT LAP SHOULDER HARNESS USED,NotEjected,False,1,
4586295,5359590,25,F,FEMALE,,,False,True,,,PassengerFrontRight,,M,AIR BAG NOT DEPLOYED,G,OCCUPANT LAP SHOULDER HARNESS USED,NotEjected,False,1,
4585279,5358679,35,F,FEMALE,,,False,True,,,PassengerFrontRight,,M,AIR BAG NOT DEPLOYED,G,OCCUPANT LAP SHOULDER HARNESS USED,NotEjected,False,2,
4585279,5358678,,F,FEMALE,,,False,True,,,PassengerFrontRight,,M,AIR BAG NOT DEPLOYED,G,OCCUPANT LAP SHOULDER HARNESS USED,NotEjected,False,1,
4584952,5358295,42,M,MALE,,,False,True,,,PassengerFrontRight,,L,AIR BAG DEPLOYED,G,OCCUPANT LAP SHOULDER HARNESS USED,NotEjected,False,5,
4584952,5358294,8,M,MALE,,,False,True,,,PassengerMiddleMiddle,,L,AIR BAG DEPLOYED,G,OCCUPANT LAP SHOULDER HARNESS USED,NotEjected,False,4,
4584952,5358293,15,M,MALE,,,False,True,,,PassengerFrontRight,,L,AIR BAG DEPLOYED,G,OCCUPANT LAP SHOULDER HARNESS USED,NotEjected,False,4,
4584952,5358292,50,F,FEMALE,H,HISPANIC,False,False,SuspectMinor,Driver,Driver,,L,AIR BAG DEPLOYED,G,OCCUPANT LAP SHOULDER HARNESS USED,NotEjected,False,4,
4584952,5358291,38,M,MALE,H,HISPANIC,False,False,SuspectMinor,Driver,Driver,,L,AIR BAG DEPLOYED,G,OCCUPANT LAP SHOULDER HARNESS USED,NotEjected,False,2,
4584952,5358290,55,F,FEMALE,,,False,False,SuspectMinor,Passenger,PassengerFrontRight,,L,AIR BAG DEPLOYED,G,OCCUPANT LAP SHOULDER HARNESS USED,NotEjected,False,1,
4584952,5358289,36,F,FEMALE,H,HISPANIC,False,False,SuspectSerious,Driver,Driver,,L,AIR BAG DEPLOYED,G,OCCUPANT LAP SHOULDER HARNESS USED,NotEjected,False,1,
4584568,5358015,20,F,FEMALE,,,False,True,,,PassengerMiddleRight,,M,AIR BAG NOT DEPLOYED,G,OCCUPANT LAP SHOULDER HARNESS USED,NotEjected,False,2,
4584568,5358014,37,F,FEMALE,,,False,True,,,PassengerFrontRight,,M,AIR BAG NOT DEPLOYED,G,OCCUPANT LAP SHOULDER HARNESS USED,NotEjected,False,2,
4584541,5357983,37,M,MALE,,,False,True,,,PassengerFrontRight,,M,AIR BAG NOT DEPLOYED,G,OCCUPANT LAP SHOULDER HARNESS USED,NotEjected,False,2,
4584535,5357981,32,M,MALE,,,False,False,PossibleInjury,Passenger,PassengerFrontRight,,M,AIR BAG NOT DEPLOYED,G,OCCUPANT LAP SHOULDER HARNESS USED,NotEjected,False,2,
4584535,5357980,32,F,FEMALE,A,ASIAN,False,False,PossibleInjury,Driver,Driver,,M,AIR BAG NOT DEPLOYED,G,OCCUPANT LAP SHOULDER HARNESS USED,NotEjected,False,2,
4584520,5357963,33,F,FEMALE,H,HISPANIC,False,False,PossibleInjury,Driver,Driver,,M,AIR BAG NOT DEPLOYED,G,OCCUPANT LAP SHOULDER HARNESS USED,NotEjected,False,2,
4584459,5357906,7,F,FEMALE,,,False,True,,,PassengerMiddleMiddle,,M,AIR BAG NOT DEPLOYED,G,OCCUPANT LAP SHOULDER HARNESS USED,NotEjected,False,2,
4584459,5357905,42,M,MALE,H,HISPANIC,False,False,PossibleInjury,Driver,Driver,,M,AIR BAG NOT DEPLOYED,G,OCCUPANT LAP SHOULDER HARNESS USED,NotEjected,False,2,
4583879,5357239,58,M,MALE,,,True,False,,,,,,,,,,False,,
4583879,5357238,55,M,MALE,B,BLACK,False,False,PossibleInjury,Driver,Driver,,L,AIR BAG DEPLOYED,G,OCCUPANT LAP SHOULDER HARNESS USED,NotEjected,False,1,
4583201,5356624,66,F,FEMALE,,,False,True,,,PassengerFrontRight,,M,AIR BAG NOT DEPLOYED,G,OCCUPANT LAP SHOULDER HARNESS USED,NotEjected,False,2,
4583144,5356560,24,M,MALE,O,OTHER,False,False,SuspectMinor,Driver,Driver,,B,UNKNOWN,G,OCCUPANT LAP SHOULDER HARNESS USED,NotEjected,False,3,
4583144,5356559,28,M,MALE,W,WHITE,False,False,SuspectMinor,Driver,Driver,,M,AIR BAG NOT DEPLOYED,G,OCCUPANT LAP SHOULDER HARNESS USED,NotEjected,False,2,
4583142,5356558,54,M,MALE,,,True,False,,,,,,,,,,False,,
4583121,5356521,19,,,,,False,True,,,PassengerFrontRight,,M,AIR BAG NOT DEPLOYED,G,OCCUPANT LAP SHOULDER HARNESS USED,NotEjected,False,1,
4583121,5356520,23,M,MALE,B,BLACK,False,False,SuspectMinor,Driver,Driver,,M,AIR BAG NOT DEPLOYED,G,OCCUPANT LAP SHOULDER HARNESS USED,NotEjected,False,1,
4583096,5356491,38,F,FEMALE,,,False,True,,,PassengerFrontRight,,M,AIR BAG NOT DEPLOYED,G,OCCUPANT LAP SHOULDER HARNESS USED,NotEjected,False,1,
4583042,5356438,57,M,MALE,,,False,True,,,PassengerFrontRight,,M,AIR BAG NOT DEPLOYED,G,OCCUPANT LAP SHOULDER HARNESS USED,NotEjected,False,2,
4583042,5356437,25,M,MALE,,,False,True,,,PassengerMiddleRight,,M,AIR BAG NOT DEPLOYED,G,OCCUPANT LAP SHOULDER HARNESS USED,NotEjected,False,2,
4582689,5356026,29,M,MALE,B,BLACK,False,False,PossibleInjury,Driver,Driver,,L,AIR BAG DEPLOYED,G,OCCUPANT LAP SHOULDER HARNESS USED,NotEjected,False,1,
4582260,5355551,47,F,FEMALE,B,BLACK,False,False,PossibleInjury,Driver,Driver,,L,AIR BAG DEPLOYED,G,OCCUPANT LAP SHOULDER HARNESS USED,NotEjected,False,2,
4582247,5355539,43,F,FEMALE,,,,,ComplaintOfPainInactive,Driver,Driver,,M,AIR BAG NOT DEPLOYED,G,OCCUPANT LAP SHOULDER HARNESS USED,NotEjected,,2,
4582230,5355524,,F,FEMALE,,,,,ComplaintOfPainInactive,Driver,,,P,NOT REQUIRED,V,MOTOR BICYCLE DRIVER NO HELMET,FullyEjected,,2,
4582214,5355509,52,M,MALE,,,,,OtherVisibleInactive,Other,,,P,NOT REQUIRED,W,MOTOR BICYCLE DRIVER WITH HELMET,NotEjected,,1,
4582144,5355436,20,F,FEMALE,,,False,True,,,PassengerFrontRight,,M,AIR BAG NOT DEPLOYED,G,OCCUPANT LAP SHOULDER HARNESS USED,NotEjected,False,2,
4582124,5355424,35,M,MALE,,,,,ComplaintOfPainInactive,Driver,Driver,,L,AIR BAG DEPLOYED,G,OCCUPANT LAP SHOULDER HARNESS USED,NotEjected,,2,
4582124,5355423,66,M,MALE,,,,,ComplaintOfPainInactive,Driver,Driver,,M,AIR BAG NOT DEPLOYED,G,OCCUPANT LAP SHOULDER HARNESS USED,NotEjected,,1,
4580466,5354151,41,M,MALE,,,False,True,,,PassengerFrontRight,,M,AIR BAG NOT DEPLOYED,G,OCCUPANT LAP SHOULDER HARNESS USED,NotEjected,False,2,
4580331,5354042,68,F,FEMALE,,,,,,Passenger,PassengerFrontMiddle,,M,AIR BAG NOT DEPLOYED,G,OCCUPANT LAP SHOULDER HARNESS USED,NotEjected,,2,
4580233,5353949,62,F,FEMALE,,,False,True,,,PassengerMiddleLeft,,M,AIR BAG NOT DEPLOYED,G,OCCUPANT LAP SHOULDER HARNESS USED,NotEjected,False,1,
4580233,5353948,32,F,FEMALE,,,False,True,,,PassengerFrontRight,,M,AIR BAG NOT DEPLOYED,G,OCCUPANT LAP SHOULDER HARNESS USED,NotEjected,False,1,
4579130,5352924,32,M,MALE,O,OTHER,False,False,PossibleInjury,Driver,Driver,,M,AIR BAG NOT DEPLOYED,G,OCCUPANT LAP SHOULDER HARNESS USED,NotEjected,False,1,
4579129,5352923,35,F,FEMALE,W,WHITE,False,False,PossibleInjury,Driver,Driver,,L,AIR BAG DEPLOYED,G,OCCUPANT LAP SHOULDER HARNESS USED,NotEjected,False,1,
4579089,5352890,38,M,MALE,,,False,True,,,PassengerFrontRight,,M,AIR BAG NOT DEPLOYED,G,OCCUPANT LAP SHOULDER HARNESS USED,NotEjected,False,2,
4579089,5352889,43,M,MALE,W,WHITE,False,False,SuspectMinor,Driver,Driver,,M,AIR BAG NOT DEPLOYED,G,OCCUPANT LAP SHOULDER HARNESS USED,NotEjected,False,2,
4579089,5352888,35,M,MALE,W,WHITE,False,False,SuspectMinor,Driver,Driver,,M,AIR BAG NOT DEPLOYED,G,OCCUPANT LAP SHOULDER HARNESS USED,NotEjected,False,1,
4579060,5352860,18,F,FEMALE,,,False,True,,,PassengerMiddleRight,,M,AIR BAG NOT DEPLOYED,G,OCCUPANT LAP SHOULDER HARNESS USED,NotEjected,False,2,
4579057,5352858,48,F,FEMALE,W,WHITE,False,False,PossibleInjury,Driver,Driver,,M,AIR BAG NOT DEPLOYED,G,OCCUPANT LAP SHOULDER HARNESS USED,NotEjected,False,2,
4578732,5352474,69,F,FEMALE,,,False,False,PossibleInjury,Passenger,PassengerFrontRight,,L,AIR BAG DEPLOYED,G,OCCUPANT LAP SHOULDER HARNESS USED,NotEjected,False,2,
4578732,5352473,58,F,FEMALE,,,False,False,PossibleInjury,Driver,Driver,,L,AIR BAG DEPLOYED,G,OCCUPANT LAP SHOULDER HARNESS USED,NotEjected,False,2,
4596177,5369539,21,F,FEMALE,,,False,True,,,PassengerFrontRight,,M,AIR BAG NOT DEPLOYED,G,OCCUPANT LAP SHOULDER HARNESS USED,NotEjected,False,2,
4596169,5369526,22,F,FEMALE,H,HISPANIC,False,False,PossibleInjury,Driver,Driver,,L,AIR BAG DEPLOYED,G,OCCUPANT LAP SHOULDER HARNESS USED,NotEjected,False,1,
4595923,5369258,23,M,MALE,,,False,True,,,PassengerFrontRight,,M,AIR BAG NOT DEPLOYED,G,OCCUPANT LAP SHOULDER HARNESS USED,NotEjected,False,2,
4595684,5368970,35,M,MALE,H,HISPANIC,False,False,PossibleInjury,Driver,Driver,,L,AIR BAG DEPLOYED,G,OCCUPANT LAP SHOULDER HARNESS USED,NotEjected,False,2,
4595678,5368965,47,M,MALE,,,True,False,,,,,,,,,,False,,
4595666,5368959,2,,,,,False,True,,,PassengerMiddleRight,,M,AIR BAG NOT DEPLOYED,Q,CHILD IN VEHICLE USED,NotEjected,False,2,
4595225,5368605,,M,MALE,,,True,False,,,,,,,,,,False,,
4595046,5368407,,M,MALE,,,False,True,,,PassengerMiddleMiddle,,M,AIR BAG NOT DEPLOYED,G,OCCUPANT LAP SHOULDER HARNESS USED,NotEjected,False,2,
4595046,5368406,12,F,FEMALE,,,False,True,,,PassengerFrontRight,,M,AIR BAG NOT DEPLOYED,G,OCCUPANT LAP SHOULDER HARNESS USED,NotEjected,False,2,
4595046,5368405,,M,MALE,,,False,True,,,PassengerFrontRight,,M,AIR BAG NOT DEPLOYED,G,OCCUPANT LAP SHOULDER HARNESS USED,NotEjected,False,1,
4595046,5368404,18,M,MALE,,,False,True,,,PassengerMiddleRight,,M,AIR BAG NOT DEPLOYED,G,OCCUPANT LAP SHOULDER HARNESS USED,NotEjected,False,1,
4595034,5368392,42,F,FEMALE,,,False,True,,,Unknown,,M,AIR BAG NOT DEPLOYED,G,OCCUPANT LAP SHOULDER HARNESS USED,NotEjected,False,2,
4595034,5368391,41,M,MALE,,,False,True,,,PassengerRearLeft,,M,AIR BAG NOT DEPLOYED,G,OCCUPANT LAP SHOULDER HARNESS USED,NotEjected,False,2,
4595034,5368390,44,F,FEMALE,,,False,True,,,PassengerMiddleLeft,,M,AIR BAG NOT DEPLOYED,G,OCCUPANT LAP SHOULDER HARNESS USED,NotEjected,False,2,
4595034,5368389,45,M,MALE,,,False,True,,,PassengerMiddleMiddle,,M,AIR BAG NOT DEPLOYED,G,OCCUPANT LAP SHOULDER HARNESS USED,NotEjected,False,2,
4595034,5368388,25,F,FEMALE,,,False,True,,,PassengerFrontRight,,M,AIR BAG NOT DEPLOYED,G,OCCUPANT LAP SHOULDER HARNESS USED,NotEjected,False,1,
4594804,5368073,27,M,MALE,,,False,True,,,PassengerFrontRight,,M,AIR BAG NOT DEPLOYED,G,OCCUPANT LAP SHOULDER HARNESS USED,NotEjected,False,1,
4593693,5366974,31,F,FEMALE,,,False,True,,,PassengerFrontRight,,M,AIR BAG NOT DEPLOYED,G,OCCUPANT LAP SHOULDER HARNESS USED,NotEjected,False,2,
4593149,5366545,34,M,MALE,,,True,False,,,,,,,,,,False,,
4593146,5366539,33,M,MALE,,,False,True,,,PassengerMiddleRight,,M,AIR BAG NOT DEPLOYED,G,OCCUPANT LAP SHOULDER HARNESS USED,NotEjected,False,3,
4593146,5366538,30,M,MALE,,,False,True,,,PassengerFrontRight,,M,AIR BAG NOT DEPLOYED,G,OCCUPANT LAP SHOULDER HARNESS USED,NotEjected,False,3,
4593146,5366537,19,M,MALE,,,False,True,,,PassengerFrontRight,,M,AIR BAG NOT DEPLOYED,G,OCCUPANT LAP SHOULDER HARNESS USED,NotEjected,False,2,
4593146,5366536,20,F,FEMALE,W,WHITE,False,False,PossibleInjury,Driver,Driver,,M,AIR BAG NOT DEPLOYED,G,OCCUPANT LAP SHOULDER HARNESS USED,NotEjected,False,2,
4593137,5366520,27,M,MALE,,,False,True,,,PassengerMiddleRight,,P,NOT REQUIRED,G,OCCUPANT LAP SHOULDER HARNESS USED,NotEjected,False,2,
4593137,5366519,27,F,FEMALE,,,False,True,,,PassengerMiddleLeft,,P,NOT REQUIRED,G,OCCUPANT LAP SHOULDER HARNESS USED,NotEjected,False,2,
4593137,5366518,75,F,FEMALE,,,False,True,,,PassengerFrontRight,,L,AIR BAG DEPLOYED,G,OCCUPANT LAP SHOULDER HARNESS USED,NotEjected,False,1,
4593137,5366517,26,F,FEMALE,,,False,False,PossibleInjury,Passenger,PassengerFrontRight,,L,AIR BAG DEPLOYED,G,OCCUPANT LAP SHOULDER HARNESS USED,NotEjected,False,2,
4593137,5366516,64,F,FEMALE,,,False,False,PossibleInjury,Passenger,PassengerMiddleRight,,P,NOT REQUIRED,G,OCCUPANT LAP SHOULDER HARNESS USED,NotEjected,False,1,
4593107,5366480,16,F,FEMALE,,,False,True,,,PassengerMiddleLeft,,M,AIR BAG NOT DEPLOYED,G,OCCUPANT LAP SHOULDER HARNESS USED,NotEjected,False,2,
4593107,5366479,49,F,FEMALE,,,False,True,,,PassengerFrontRight,,M,AIR BAG NOT DEPLOYED,G,OCCUPANT LAP SHOULDER HARNESS USED,NotEjected,False,2,
4593107,5366478,8,M,MALE,,,False,True,,,PassengerMiddleLeft,,M,AIR BAG NOT DEPLOYED,G,OCCUPANT LAP SHOULDER HARNESS USED,NotEjected,False,1,
4593107,5366477,10,M,MALE,,,False,True,,,PassengerMiddleMiddle,,M,AIR BAG NOT DEPLOYED,G,OCCUPANT LAP SHOULDER HARNESS USED,NotEjected,False,1,
4593107,5366476,10,F,FEMALE,,,False,True,,,PassengerMiddleRight,,M,AIR BAG NOT DEPLOYED,G,OCCUPANT LAP SHOULDER HARNESS USED,NotEjected,False,1,
4593107,5366475,67,,,,,False,True,,,PassengerFrontRight,,M,AIR BAG NOT DEPLOYED,G,OCCUPANT LAP SHOULDER HARNESS USED,NotEjected,False,1,
4592149,5365528,,F,FEMALE,,,False,True,,,PassengerFrontRight,,L,AIR BAG DEPLOYED,G,OCCUPANT LAP SHOULDER HARNESS USED,NotEjected,False,2,
4592149,5365527,46,F,FEMALE,H,HISPANIC,False,False,SuspectSerious,Driver,Driver,,L,AIR BAG DEPLOYED,G,OCCUPANT LAP SHOULDER HARNESS USED,NotEjected,False,1,
4537379,5365498,,M,MALE,,,False,True,,,PassengerFrontRight,,M,AIR BAG NOT DEPLOYED,G,OCCUPANT LAP SHOULDER HARNESS USED,NotEjected,False,1,FRONT ROW RIGHT
4592037,5365380,12,F,FEMALE,,,False,True,,,PassengerFrontRight,,M,AIR BAG NOT DEPLOYED,G,OCCUPANT LAP SHOULDER HARNESS USED,NotEjected,False,2,
4591854,5365150,52,F,FEMALE,,,False,True,,,PassengerFrontRight,,M,AIR BAG NOT DEPLOYED,G,OCCUPANT LAP SHOULDER HARNESS USED,NotEjected,False,3,
4591848,5365141,44,M,MALE,,,False,False,PossibleInjury,Passenger,PassengerFrontRight,,L,AIR BAG DEPLOYED,G,OCCUPANT LAP SHOULDER HARNESS USED,NotEjected,False,2,
4591848,5365140,36,M,MALE,H,HISPANIC,False,False,PossibleInjury,Driver,Driver,,L,AIR BAG DEPLOYED,G,OCCUPANT LAP SHOULDER HARNESS USED,NotEjected,False,1,
4591848,5365139,38,M,MALE,H,HISPANIC,False,False,SuspectMinor,Driver,Driver,,L,AIR BAG DEPLOYED,G,OCCUPANT LAP SHOULDER HARNESS USED,NotEjected,False,2,
4591772,5365008,32,M,MALE,,,False,True,,,PassengerFrontRight,,M,AIR BAG NOT DEPLOYED,G,OCCUPANT LAP SHOULDER HARNESS USED,NotEjected,False,1,
4590830,5364059,42,F,FEMALE,H,HISPANIC,False,False,SuspectMinor,Driver,Driver,,L,AIR BAG DEPLOYED,G,OCCUPANT LAP SHOULDER HARNESS USED,NotEjected,False,1,
4590686,5363837,26,M,MALE,,,False,True,,,PassengerFrontRight,,M,AIR BAG NOT DEPLOYED,G,OCCUPANT LAP SHOULDER HARNESS USED,NotEjected,False,1,
4590686,5363836,26,M,MALE,,,False,False,SuspectMinor,Passenger,PassengerFrontRight,,M,AIR BAG NOT DEPLOYED,G,OCCUPANT LAP SHOULDER HARNESS USED,NotEjected,False,1,
4590686,5363835,39,F,FEMALE,H,HISPANIC,False,False,SuspectMinor,Driver,Driver,,M,AIR BAG NOT DEPLOYED,G,OCCUPANT LAP SHOULDER HARNESS USED,NotEjected,False,1,
